Datetime,Close
2025-11-10 14:30:00+00:00,342.5
2025-11-10 14:31:00+00:00,343.55499267578125
2025-11-10 14:32:00+00:00,343.6499938964844
2025-11-10 14:34:00+00:00,341.875
2025-11-10 14:36:00+00:00,342.25
2025-11-10 14:38:00+00:00,342.3399963378906
2025-11-10 14:42:00+00:00,341.1000061035156
2025-11-10 14:43:00+00:00,341.5350036621094
2025-11-10 14:45:00+00:00,342.2300109863281
2025-11-10 14:46:00+00:00,342.30999755859375
2025-11-10 14:47:00+00:00,342.0849914550781
2025-11-10 14:50:00+00:00,341.7200012207031
2025-11-10 14:51:00+00:00,341.66009521484375
2025-11-10 14:56:00+00:00,340.8500061035156
2025-11-10 14:58:00+00:00,340.6400146484375
2025-11-10 15:00:00+00:00,340.04998779296875
2025-11-10 15:01:00+00:00,340.07501220703125
2025-11-10 15:02:00+00:00,339.3599853515625
2025-11-10 15:05:00+00:00,338.82501220703125
2025-11-10 15:07:00+00:00,338.82000732421875
2025-11-10 15:08:00+00:00,338.6199951171875
2025-11-10 15:09:00+00:00,339.29998779296875
2025-11-10 15:10:00+00:00,339.69000244140625
2025-11-10 15:11:00+00:00,339.739990234375
2025-11-10 15:13:00+00:00,340.1499938964844
2025-11-10 15:14:00+00:00,340.1449890136719
2025-11-10 15:15:00+00:00,340.3699951171875
2025-11-10 15:16:00+00:00,339.989990234375
2025-11-10 15:17:00+00:00,339.5799865722656
2025-11-10 15:18:00+00:00,338.8599853515625
2025-11-10 15:19:00+00:00,339.2149963378906
2025-11-10 15:20:00+00:00,339.2149963378906
2025-11-10 15:21:00+00:00,339.3500061035156
2025-11-10 15:22:00+00:00,339.6700134277344
2025-11-10 15:23:00+00:00,340.760009765625
2025-11-10 15:26:00+00:00,340.4100036621094
2025-11-10 15:27:00+00:00,340.260009765625
2025-11-10 15:28:00+00:00,340.510009765625
2025-11-10 15:31:00+00:00,340.2300109863281
2025-11-10 15:32:00+00:00,340.2638854980469
2025-11-10 15:33:00+00:00,339.67999267578125
2025-11-10 15:34:00+00:00,339.6099853515625
2025-11-10 15:35:00+00:00,339.614990234375
2025-11-10 15:37:00+00:00,339.2099914550781
2025-11-10 15:41:00+00:00,339.19500732421875
2025-11-10 15:42:00+00:00,339.2799987792969
2025-11-10 15:44:00+00:00,339.2699890136719
2025-11-10 15:45:00+00:00,339.29998779296875
2025-11-10 15:46:00+00:00,339.3900146484375
2025-11-10 15:47:00+00:00,339.54449462890625
2025-11-10 15:48:00+00:00,339.8999938964844
2025-11-10 15:51:00+00:00,339.1199951171875
2025-11-10 15:55:00+00:00,340.010009765625
2025-11-10 15:56:00+00:00,340.010009765625
2025-11-10 15:57:00+00:00,339.739990234375
2025-11-10 15:58:00+00:00,339.9649963378906
2025-11-10 15:59:00+00:00,339.9700012207031
2025-11-10 16:00:00+00:00,339.6300048828125
2025-11-10 16:01:00+00:00,339.94000244140625
2025-11-10 16:05:00+00:00,339.6700134277344
2025-11-10 16:06:00+00:00,339.7449951171875
2025-11-10 16:07:00+00:00,339.7449951171875
2025-11-10 16:08:00+00:00,339.57501220703125
2025-11-10 16:09:00+00:00,339.7449951171875
2025-11-10 16:10:00+00:00,339.7449951171875
2025-11-10 16:11:00+00:00,339.7449951171875
2025-11-10 16:12:00+00:00,340.0358581542969
2025-11-10 16:13:00+00:00,339.9700012207031
2025-11-10 16:14:00+00:00,339.9750061035156
2025-11-10 16:15:00+00:00,339.5400085449219
2025-11-10 16:16:00+00:00,339.45001220703125
2025-11-10 16:17:00+00:00,339.0799865722656
2025-11-10 16:18:00+00:00,339.1011047363281
2025-11-10 16:19:00+00:00,339.0050048828125
2025-11-10 16:20:00+00:00,338.80499267578125
2025-11-10 16:21:00+00:00,338.760009765625
2025-11-10 16:22:00+00:00,338.9800109863281
2025-11-10 16:23:00+00:00,339.07000732421875
2025-11-10 16:24:00+00:00,339.0799865722656
2025-11-10 16:25:00+00:00,338.9649963378906
2025-11-10 16:26:00+00:00,339.07501220703125
2025-11-10 16:27:00+00:00,338.5450134277344
2025-11-10 16:28:00+00:00,338.82000732421875
2025-11-10 16:29:00+00:00,338.82000732421875
2025-11-10 16:30:00+00:00,339.3900146484375
2025-11-10 16:32:00+00:00,340.5400085449219
2025-11-10 16:33:00+00:00,340.510009765625
2025-11-10 16:34:00+00:00,340.3900146484375
2025-11-10 16:37:00+00:00,340.4100036621094
2025-11-10 16:39:00+00:00,340.1499938964844
2025-11-10 16:40:00+00:00,340.05999755859375
2025-11-10 16:41:00+00:00,340.25201416015625
2025-11-10 16:42:00+00:00,340.44000244140625
2025-11-10 16:44:00+00:00,340.5799865722656
2025-11-10 16:50:00+00:00,340.7449951171875
2025-11-10 16:52:00+00:00,340.7449951171875
2025-11-10 16:55:00+00:00,340.54998779296875
2025-11-10 16:58:00+00:00,340.5249938964844
2025-11-10 17:02:00+00:00,340.3399963378906
2025-11-10 17:03:00+00:00,340.6600036621094
2025-11-10 17:04:00+00:00,341.010009765625
2025-11-10 17:05:00+00:00,341.04998779296875
2025-11-10 17:08:00+00:00,341.635009765625
2025-11-10 17:10:00+00:00,341.45550537109375
2025-11-10 17:11:00+00:00,341.20001220703125
2025-11-10 17:12:00+00:00,341.44000244140625
2025-11-10 17:17:00+00:00,341.55499267578125
2025-11-10 17:21:00+00:00,341.7200012207031
2025-11-10 17:22:00+00:00,341.94000244140625
2025-11-10 17:23:00+00:00,341.9800109863281
2025-11-10 17:26:00+00:00,342.0400085449219
2025-11-10 17:27:00+00:00,342.04998779296875
2025-11-10 17:28:00+00:00,341.90008544921875
2025-11-10 17:29:00+00:00,341.9100036621094
2025-11-10 17:31:00+00:00,341.9599914550781
2025-11-10 17:32:00+00:00,341.9599914550781
2025-11-10 17:34:00+00:00,341.9599914550781
2025-11-10 17:35:00+00:00,341.9200134277344
2025-11-10 17:39:00+00:00,341.95001220703125
2025-11-10 17:40:00+00:00,342.0799865722656
2025-11-10 17:41:00+00:00,341.95001220703125
2025-11-10 17:45:00+00:00,341.82000732421875
2025-11-10 17:48:00+00:00,341.8949890136719
2025-11-10 17:49:00+00:00,341.69000244140625
2025-11-10 17:50:00+00:00,341.8500061035156
2025-11-10 17:51:00+00:00,342.05999755859375
2025-11-10 17:53:00+00:00,342.2250061035156
2025-11-10 17:54:00+00:00,342.260009765625
2025-11-10 17:55:00+00:00,342.5199890136719
2025-11-10 17:57:00+00:00,342.375
2025-11-10 17:59:00+00:00,342.375
2025-11-10 18:00:00+00:00,342.3179931640625
2025-11-10 18:01:00+00:00,342.55999755859375
2025-11-10 18:02:00+00:00,342.67999267578125
2025-11-10 18:04:00+00:00,342.67999267578125
2025-11-10 18:05:00+00:00,342.5
2025-11-10 18:06:00+00:00,342.6700134277344
2025-11-10 18:08:00+00:00,342.6300048828125
2025-11-10 18:09:00+00:00,342.5
2025-11-10 18:10:00+00:00,342.42999267578125
2025-11-10 18:13:00+00:00,342.3599853515625
2025-11-10 18:14:00+00:00,342.3800048828125
2025-11-10 18:15:00+00:00,342.7799987792969
2025-11-10 18:18:00+00:00,342.625
2025-11-10 18:20:00+00:00,342.7799987792969
2025-11-10 18:22:00+00:00,342.95001220703125
2025-11-10 18:23:00+00:00,342.510009765625
2025-11-10 18:25:00+00:00,342.6278991699219
2025-11-10 18:28:00+00:00,342.4200134277344
2025-11-10 18:29:00+00:00,342.4100036621094
2025-11-10 18:30:00+00:00,342.57000732421875
2025-11-10 18:32:00+00:00,342.53851318359375
2025-11-10 18:33:00+00:00,342.7799987792969
2025-11-10 18:36:00+00:00,342.7449951171875
2025-11-10 18:37:00+00:00,342.95001220703125
2025-11-10 18:39:00+00:00,342.8299865722656
2025-11-10 18:42:00+00:00,342.8299865722656
2025-11-10 18:43:00+00:00,342.8550109863281
2025-11-10 18:46:00+00:00,342.78509521484375
2025-11-10 18:47:00+00:00,342.6300048828125
2025-11-10 18:48:00+00:00,342.82000732421875
2025-11-10 18:50:00+00:00,343.2200012207031
2025-11-10 18:52:00+00:00,343.11248779296875
2025-11-10 18:53:00+00:00,343.5199890136719
2025-11-10 18:55:00+00:00,343.3550109863281
2025-11-10 19:00:00+00:00,343.3399963378906
2025-11-10 19:01:00+00:00,343.42999267578125
2025-11-10 19:02:00+00:00,343.5799865722656
2025-11-10 19:04:00+00:00,343.5199890136719
2025-11-10 19:05:00+00:00,343.6499938964844
2025-11-10 19:07:00+00:00,343.3599853515625
2025-11-10 19:09:00+00:00,343.31719970703125
2025-11-10 19:10:00+00:00,343.2460021972656
2025-11-10 19:12:00+00:00,343.1099853515625
2025-11-10 19:16:00+00:00,342.5
2025-11-10 19:17:00+00:00,342.55999755859375
2025-11-10 19:18:00+00:00,342.7126159667969
2025-11-10 19:19:00+00:00,342.9100036621094
2025-11-10 19:25:00+00:00,343.1000061035156
2025-11-10 19:28:00+00:00,343.42999267578125
2025-11-10 19:29:00+00:00,343.29998779296875
2025-11-10 19:30:00+00:00,343.5799865722656
2025-11-10 19:33:00+00:00,343.5400085449219
2025-11-10 19:36:00+00:00,343.4750061035156
2025-11-10 19:37:00+00:00,343.4750061035156
2025-11-10 19:40:00+00:00,343.6199951171875
2025-11-10 19:41:00+00:00,343.260009765625
2025-11-10 19:42:00+00:00,343.8999938964844
2025-11-10 19:44:00+00:00,344.07000732421875
2025-11-10 19:45:00+00:00,343.75
2025-11-10 19:46:00+00:00,343.7699890136719
2025-11-10 19:47:00+00:00,343.76129150390625
2025-11-10 19:49:00+00:00,343.7749938964844
2025-11-10 19:50:00+00:00,343.9700012207031
2025-11-10 19:51:00+00:00,343.840087890625
2025-11-10 19:52:00+00:00,343.80499267578125
2025-11-10 19:54:00+00:00,343.80059814453125
2025-11-10 19:55:00+00:00,343.8399963378906
2025-11-10 19:56:00+00:00,343.6300048828125
2025-11-10 19:58:00+00:00,343.2695007324219
2025-11-10 20:00:00+00:00,343.42999267578125
2025-11-10 20:01:00+00:00,343.6700134277344
2025-11-10 20:05:00+00:00,343.7250061035156
2025-11-10 20:07:00+00:00,343.7550048828125
2025-11-10 20:08:00+00:00,344.0
2025-11-10 20:09:00+00:00,343.6747131347656
2025-11-10 20:10:00+00:00,344.0950012207031
2025-11-10 20:12:00+00:00,344.20001220703125
2025-11-10 20:13:00+00:00,344.29998779296875
2025-11-10 20:14:00+00:00,344.19000244140625
2025-11-10 20:15:00+00:00,344.4599914550781
2025-11-10 20:16:00+00:00,344.4200134277344
2025-11-10 20:17:00+00:00,344.31500244140625
2025-11-10 20:21:00+00:00,344.2449951171875
2025-11-10 20:22:00+00:00,344.17999267578125
2025-11-10 20:23:00+00:00,344.1600036621094
2025-11-10 20:25:00+00:00,344.1600036621094
2025-11-10 20:26:00+00:00,344.6499938964844
2025-11-10 20:27:00+00:00,344.19000244140625
2025-11-10 20:28:00+00:00,344.18499755859375
2025-11-10 20:29:00+00:00,344.1499938964844
2025-11-10 20:30:00+00:00,343.8949890136719
2025-11-10 20:31:00+00:00,343.7349853515625
2025-11-10 20:32:00+00:00,343.8999938964844
2025-11-10 20:33:00+00:00,343.67999267578125
2025-11-10 20:34:00+00:00,343.57000732421875
2025-11-10 20:35:00+00:00,343.57000732421875
2025-11-10 20:36:00+00:00,343.7799987792969
2025-11-10 20:37:00+00:00,343.8999938964844
2025-11-10 20:38:00+00:00,343.8699951171875
2025-11-10 20:39:00+00:00,344.1499938964844
2025-11-10 20:40:00+00:00,344.1700134277344
2025-11-10 20:41:00+00:00,343.9599914550781
2025-11-10 20:43:00+00:00,343.92999267578125
2025-11-10 20:44:00+00:00,343.80999755859375
2025-11-10 20:45:00+00:00,343.6099853515625
2025-11-10 20:46:00+00:00,343.7099914550781
2025-11-10 20:48:00+00:00,343.7550048828125
2025-11-10 20:49:00+00:00,343.7799987792969
2025-11-10 20:50:00+00:00,343.5199890136719
2025-11-10 20:51:00+00:00,343.5400085449219
2025-11-10 20:52:00+00:00,343.3800048828125
2025-11-10 20:53:00+00:00,343.57501220703125
2025-11-10 20:54:00+00:00,343.68499755859375
2025-11-10 20:55:00+00:00,343.2149963378906
2025-11-10 20:56:00+00:00,342.864990234375
2025-11-10 20:57:00+00:00,342.760009765625
2025-11-10 20:58:00+00:00,343.0
2025-11-10 20:59:00+00:00,343.19000244140625
2025-11-11 14:30:00+00:00,344.3999938964844
2025-11-11 14:31:00+00:00,342.8299865722656
2025-11-11 14:34:00+00:00,343.4150085449219
2025-11-11 14:39:00+00:00,342.5751037597656
2025-11-11 14:40:00+00:00,342.2349853515625
2025-11-11 14:41:00+00:00,342.7300109863281
2025-11-11 14:42:00+00:00,342.29901123046875
2025-11-11 14:50:00+00:00,342.2799987792969
2025-11-11 14:51:00+00:00,341.9750061035156
2025-11-11 14:52:00+00:00,341.9700012207031
2025-11-11 14:53:00+00:00,343.0899963378906
2025-11-11 14:54:00+00:00,343.3999938964844
2025-11-11 14:57:00+00:00,343.9599914550781
2025-11-11 14:58:00+00:00,344.1099853515625
2025-11-11 14:59:00+00:00,344.2550048828125
2025-11-11 15:00:00+00:00,344.2550048828125
2025-11-11 15:01:00+00:00,344.0249938964844
2025-11-11 15:02:00+00:00,343.6700134277344
2025-11-11 15:05:00+00:00,343.5150146484375
2025-11-11 15:06:00+00:00,343.4100036621094
2025-11-11 15:08:00+00:00,343.8399963378906
2025-11-11 15:10:00+00:00,343.864990234375
2025-11-11 15:11:00+00:00,343.864990234375
2025-11-11 15:12:00+00:00,342.989990234375
2025-11-11 15:13:00+00:00,343.54998779296875
2025-11-11 15:14:00+00:00,343.55499267578125
2025-11-11 15:15:00+00:00,343.44000244140625
2025-11-11 15:20:00+00:00,343.739990234375
2025-11-11 15:21:00+00:00,342.9400939941406
2025-11-11 15:22:00+00:00,343.6005859375
2025-11-11 15:26:00+00:00,344.1199951171875
2025-11-11 15:27:00+00:00,344.7699890136719
2025-11-11 15:29:00+00:00,344.9599914550781
2025-11-11 15:30:00+00:00,345.1199951171875
2025-11-11 15:31:00+00:00,344.4800109863281
2025-11-11 15:32:00+00:00,344.07000732421875
2025-11-11 15:34:00+00:00,344.0450134277344
2025-11-11 15:39:00+00:00,344.6099853515625
2025-11-11 15:45:00+00:00,344.4800109863281
2025-11-11 15:51:00+00:00,344.3044128417969
2025-11-11 15:53:00+00:00,344.4949951171875
2025-11-11 15:54:00+00:00,344.56500244140625
2025-11-11 15:55:00+00:00,344.8599853515625
2025-11-11 15:57:00+00:00,344.67999267578125
2025-11-11 16:00:00+00:00,344.6600036621094
2025-11-11 16:01:00+00:00,344.6650085449219
2025-11-11 16:04:00+00:00,345.04998779296875
2025-11-11 16:07:00+00:00,344.8800048828125
2025-11-11 16:08:00+00:00,344.81500244140625
2025-11-11 16:13:00+00:00,345.1993103027344
2025-11-11 16:15:00+00:00,344.9150085449219
2025-11-11 16:17:00+00:00,344.9200134277344
2025-11-11 16:21:00+00:00,344.90704345703125
2025-11-11 16:26:00+00:00,344.55999755859375
2025-11-11 16:27:00+00:00,344.75299072265625
2025-11-11 16:29:00+00:00,344.4800109863281
2025-11-11 16:30:00+00:00,344.489990234375
2025-11-11 16:31:00+00:00,344.5050048828125
2025-11-11 16:33:00+00:00,344.46551513671875
2025-11-11 16:34:00+00:00,344.885009765625
2025-11-11 16:36:00+00:00,345.0400085449219
2025-11-11 16:41:00+00:00,344.9599914550781
2025-11-11 16:42:00+00:00,344.9599914550781
2025-11-11 16:43:00+00:00,345.0400085449219
2025-11-11 16:46:00+00:00,345.0799865722656
2025-11-11 16:48:00+00:00,345.2799987792969
2025-11-11 16:50:00+00:00,345.1925048828125
2025-11-11 16:54:00+00:00,344.92999267578125
2025-11-11 16:55:00+00:00,344.7699890136719
2025-11-11 16:56:00+00:00,344.6199951171875
2025-11-11 16:59:00+00:00,344.81500244140625
2025-11-11 17:01:00+00:00,345.0994873046875
2025-11-11 17:02:00+00:00,344.79998779296875
2025-11-11 17:08:00+00:00,344.82000732421875
2025-11-11 17:09:00+00:00,345.010009765625
2025-11-11 17:12:00+00:00,344.8599853515625
2025-11-11 17:13:00+00:00,344.8525085449219
2025-11-11 17:15:00+00:00,345.17999267578125
2025-11-11 17:17:00+00:00,345.1650085449219
2025-11-11 17:18:00+00:00,344.8399963378906
2025-11-11 17:19:00+00:00,344.4704895019531
2025-11-11 17:20:00+00:00,344.5899963378906
2025-11-11 17:28:00+00:00,344.80999755859375
2025-11-11 17:31:00+00:00,344.69500732421875
2025-11-11 17:34:00+00:00,344.54998779296875
2025-11-11 17:35:00+00:00,344.6700134277344
2025-11-11 17:37:00+00:00,344.70001220703125
2025-11-11 17:38:00+00:00,344.70001220703125
2025-11-11 17:39:00+00:00,344.4440002441406
2025-11-11 17:40:00+00:00,344.3699951171875
2025-11-11 17:41:00+00:00,344.30999755859375
2025-11-11 17:42:00+00:00,343.9801025390625
2025-11-11 17:43:00+00:00,344.2850036621094
2025-11-11 17:44:00+00:00,344.45001220703125
2025-11-11 17:48:00+00:00,344.5199890136719
2025-11-11 17:49:00+00:00,344.6400146484375
2025-11-11 17:51:00+00:00,344.55499267578125
2025-11-11 17:53:00+00:00,344.55999755859375
2025-11-11 17:56:00+00:00,344.2300109863281
2025-11-11 17:57:00+00:00,344.5574951171875
2025-11-11 18:02:00+00:00,344.8399963378906
2025-11-11 18:03:00+00:00,344.82598876953125
2025-11-11 18:04:00+00:00,344.739990234375
2025-11-11 18:06:00+00:00,345.0400085449219
2025-11-11 18:07:00+00:00,344.7200012207031
2025-11-11 18:09:00+00:00,344.6300048828125
2025-11-11 18:12:00+00:00,344.677490234375
2025-11-11 18:13:00+00:00,344.1300048828125
2025-11-11 18:14:00+00:00,344.2550048828125
2025-11-11 18:15:00+00:00,344.0299987792969
2025-11-11 18:17:00+00:00,343.9599914550781
2025-11-11 18:19:00+00:00,343.9949951171875
2025-11-11 18:21:00+00:00,344.0
2025-11-11 18:22:00+00:00,344.2699890136719
2025-11-11 18:23:00+00:00,344.2699890136719
2025-11-11 18:25:00+00:00,344.31500244140625
2025-11-11 18:26:00+00:00,344.385009765625
2025-11-11 18:27:00+00:00,344.42999267578125
2025-11-11 18:28:00+00:00,344.4700012207031
2025-11-11 18:29:00+00:00,344.5950012207031
2025-11-11 18:30:00+00:00,344.6199951171875
2025-11-11 18:31:00+00:00,344.5690002441406
2025-11-11 18:32:00+00:00,344.6050109863281
2025-11-11 18:33:00+00:00,344.44000244140625
2025-11-11 18:35:00+00:00,344.3299865722656
2025-11-11 18:37:00+00:00,344.57501220703125
2025-11-11 18:38:00+00:00,344.5899963378906
2025-11-11 18:40:00+00:00,344.6549987792969
2025-11-11 18:41:00+00:00,344.6099853515625
2025-11-11 18:42:00+00:00,344.6449890136719
2025-11-11 18:43:00+00:00,344.6449890136719
2025-11-11 18:44:00+00:00,344.6675109863281
2025-11-11 18:45:00+00:00,344.6449890136719
2025-11-11 18:46:00+00:00,344.80999755859375
2025-11-11 18:47:00+00:00,344.9200134277344
2025-11-11 18:48:00+00:00,344.6000061035156
2025-11-11 18:51:00+00:00,344.5799865722656
2025-11-11 18:53:00+00:00,344.4100036621094
2025-11-11 18:54:00+00:00,344.260009765625
2025-11-11 18:55:00+00:00,344.2699890136719
2025-11-11 18:56:00+00:00,344.2699890136719
2025-11-11 18:57:00+00:00,344.4100036621094
2025-11-11 18:58:00+00:00,344.385009765625
2025-11-11 18:59:00+00:00,344.3900146484375
2025-11-11 19:00:00+00:00,344.0400085449219
2025-11-11 19:02:00+00:00,343.7449951171875
2025-11-11 19:03:00+00:00,343.7099914550781
2025-11-11 19:04:00+00:00,343.8999938964844
2025-11-11 19:05:00+00:00,343.9200134277344
2025-11-11 19:06:00+00:00,343.9200134277344
2025-11-11 19:07:00+00:00,343.9150085449219
2025-11-11 19:08:00+00:00,343.9150085449219
2025-11-11 19:09:00+00:00,344.1300048828125
2025-11-11 19:10:00+00:00,344.1400146484375
2025-11-11 19:11:00+00:00,344.2300109863281
2025-11-11 19:12:00+00:00,344.44000244140625
2025-11-11 19:14:00+00:00,344.20001220703125
2025-11-11 19:15:00+00:00,344.2250061035156
2025-11-11 19:17:00+00:00,344.18499755859375
2025-11-11 19:18:00+00:00,344.18499755859375
2025-11-11 19:19:00+00:00,344.18499755859375
2025-11-11 19:22:00+00:00,343.989990234375
2025-11-11 19:23:00+00:00,344.18499755859375
2025-11-11 19:24:00+00:00,344.1199951171875
2025-11-11 19:26:00+00:00,344.18499755859375
2025-11-11 19:27:00+00:00,344.44000244140625
2025-11-11 19:28:00+00:00,344.6400146484375
2025-11-11 19:30:00+00:00,344.760009765625
2025-11-11 19:31:00+00:00,344.7650146484375
2025-11-11 19:32:00+00:00,344.760009765625
2025-11-11 19:39:00+00:00,344.9100036621094
2025-11-11 19:40:00+00:00,344.9549865722656
2025-11-11 19:43:00+00:00,345.0899963378906
2025-11-11 19:44:00+00:00,344.9949951171875
2025-11-11 19:45:00+00:00,344.9949951171875
2025-11-11 19:47:00+00:00,344.8500061035156
2025-11-11 19:49:00+00:00,344.760009765625
2025-11-11 19:50:00+00:00,344.875
2025-11-11 19:51:00+00:00,344.67498779296875
2025-11-11 19:55:00+00:00,344.5224914550781
2025-11-11 19:56:00+00:00,344.3500061035156
2025-11-11 19:58:00+00:00,344.3800048828125
2025-11-11 19:59:00+00:00,344.2099914550781
2025-11-11 20:01:00+00:00,344.2900085449219
2025-11-11 20:02:00+00:00,344.2900085449219
2025-11-11 20:03:00+00:00,344.17498779296875
2025-11-11 20:07:00+00:00,343.94000244140625
2025-11-11 20:08:00+00:00,343.7650146484375
2025-11-11 20:11:00+00:00,343.739990234375
2025-11-11 20:13:00+00:00,343.8599853515625
2025-11-11 20:14:00+00:00,343.4800109863281
2025-11-11 20:15:00+00:00,343.0299987792969
2025-11-11 20:18:00+00:00,343.20001220703125
2025-11-11 20:20:00+00:00,342.82000732421875
2025-11-11 20:21:00+00:00,342.760009765625
2025-11-11 20:22:00+00:00,342.75
2025-11-11 20:23:00+00:00,343.0199890136719
2025-11-11 20:24:00+00:00,342.7900085449219
2025-11-11 20:27:00+00:00,342.7099914550781
2025-11-11 20:28:00+00:00,342.5
2025-11-11 20:30:00+00:00,342.6300048828125
2025-11-11 20:31:00+00:00,342.5400085449219
2025-11-11 20:32:00+00:00,342.5400085449219
2025-11-11 20:33:00+00:00,342.7200012207031
2025-11-11 20:34:00+00:00,342.67498779296875
2025-11-11 20:35:00+00:00,342.19000244140625
2025-11-11 20:36:00+00:00,342.0899963378906
2025-11-11 20:37:00+00:00,342.1650085449219
2025-11-11 20:38:00+00:00,342.42999267578125
2025-11-11 20:40:00+00:00,342.7799987792969
2025-11-11 20:43:00+00:00,343.0
2025-11-11 20:44:00+00:00,343.1199951171875
2025-11-11 20:45:00+00:00,343.1199951171875
2025-11-11 20:46:00+00:00,343.2200012207031
2025-11-11 20:48:00+00:00,343.32000732421875
2025-11-11 20:49:00+00:00,343.1700134277344
2025-11-11 20:50:00+00:00,343.135009765625
2025-11-11 20:51:00+00:00,342.6499938964844
2025-11-11 20:52:00+00:00,342.81500244140625
2025-11-11 20:53:00+00:00,342.9049987792969
2025-11-11 20:54:00+00:00,342.8800048828125
2025-11-11 20:55:00+00:00,342.7799987792969
2025-11-11 20:56:00+00:00,342.7900085449219
2025-11-11 20:57:00+00:00,342.9200134277344
2025-11-11 20:58:00+00:00,342.9949951171875
2025-11-11 20:59:00+00:00,343.1499938964844
2025-11-12 14:30:00+00:00,343.3900146484375
2025-11-12 14:33:00+00:00,344.07000732421875
2025-11-12 14:37:00+00:00,344.4800109863281
2025-11-12 14:38:00+00:00,344.6499938964844
2025-11-12 14:39:00+00:00,344.6499938964844
2025-11-12 14:40:00+00:00,344.8800048828125
2025-11-12 14:43:00+00:00,344.9549865722656
2025-11-12 14:47:00+00:00,344.9549865722656
2025-11-12 14:49:00+00:00,345.0400085449219
2025-11-12 14:50:00+00:00,344.9549865722656
2025-11-12 14:51:00+00:00,345.0
2025-11-12 14:53:00+00:00,344.885009765625
2025-11-12 14:55:00+00:00,344.885009765625
2025-11-12 14:57:00+00:00,344.885009765625
2025-11-12 14:58:00+00:00,344.885009765625
2025-11-12 14:59:00+00:00,345.3800048828125
2025-11-12 15:00:00+00:00,344.9200134277344
2025-11-12 15:01:00+00:00,344.4895324707031
2025-11-12 15:02:00+00:00,344.3800048828125
2025-11-12 15:05:00+00:00,344.3800048828125
2025-11-12 15:07:00+00:00,344.6099853515625
2025-11-12 15:08:00+00:00,344.1300048828125
2025-11-12 15:09:00+00:00,344.6700134277344
2025-11-12 15:11:00+00:00,344.5
2025-11-12 15:13:00+00:00,344.6000061035156
2025-11-12 15:14:00+00:00,344.739990234375
2025-11-12 15:15:00+00:00,344.6000061035156
2025-11-12 15:16:00+00:00,344.6000061035156
2025-11-12 15:17:00+00:00,344.5
2025-11-12 15:18:00+00:00,344.42498779296875
2025-11-12 15:19:00+00:00,344.375
2025-11-12 15:20:00+00:00,343.760009765625
2025-11-12 15:24:00+00:00,343.92999267578125
2025-11-12 15:27:00+00:00,343.9949951171875
2025-11-12 15:28:00+00:00,343.7879943847656
2025-11-12 15:31:00+00:00,343.3999938964844
2025-11-12 15:32:00+00:00,343.3999938964844
2025-11-12 15:33:00+00:00,343.510009765625
2025-11-12 15:34:00+00:00,343.45001220703125
2025-11-12 15:35:00+00:00,343.614990234375
2025-11-12 15:36:00+00:00,343.4800109863281
2025-11-12 15:37:00+00:00,343.38250732421875
2025-11-12 15:38:00+00:00,343.5400085449219
2025-11-12 15:39:00+00:00,344.05999755859375
2025-11-12 15:40:00+00:00,344.0950012207031
2025-11-12 15:42:00+00:00,344.0849914550781
2025-11-12 15:43:00+00:00,344.57000732421875
2025-11-12 15:44:00+00:00,344.2950134277344
2025-11-12 15:46:00+00:00,344.0899963378906
2025-11-12 15:48:00+00:00,344.30499267578125
2025-11-12 15:50:00+00:00,343.82000732421875
2025-11-12 15:51:00+00:00,344.0
2025-11-12 15:52:00+00:00,343.80999755859375
2025-11-12 15:53:00+00:00,344.17999267578125
2025-11-12 15:54:00+00:00,343.82000732421875
2025-11-12 15:55:00+00:00,343.82000732421875
2025-11-12 15:56:00+00:00,343.9800109863281
2025-11-12 15:57:00+00:00,343.4700012207031
2025-11-12 15:58:00+00:00,344.1099853515625
2025-11-12 15:59:00+00:00,344.45001220703125
2025-11-12 16:01:00+00:00,344.69500732421875
2025-11-12 16:02:00+00:00,344.2782897949219
2025-11-12 16:03:00+00:00,344.2699890136719
2025-11-12 16:07:00+00:00,344.4700012207031
2025-11-12 16:08:00+00:00,344.4750061035156
2025-11-12 16:09:00+00:00,344.4750061035156
2025-11-12 16:10:00+00:00,344.4750061035156
2025-11-12 16:11:00+00:00,344.4750061035156
2025-11-12 16:12:00+00:00,344.4750061035156
2025-11-12 16:13:00+00:00,344.4750061035156
2025-11-12 16:14:00+00:00,344.4849853515625
2025-11-12 16:16:00+00:00,344.4849853515625
2025-11-12 16:18:00+00:00,344.5
2025-11-12 16:19:00+00:00,344.94000244140625
2025-11-12 16:20:00+00:00,344.760009765625
2025-11-12 16:21:00+00:00,344.739990234375
2025-11-12 16:23:00+00:00,344.7449951171875
2025-11-12 16:25:00+00:00,344.8399963378906
2025-11-12 16:26:00+00:00,344.8450012207031
2025-11-12 16:27:00+00:00,344.8450012207031
2025-11-12 16:28:00+00:00,344.8450012207031
2025-11-12 16:29:00+00:00,344.8450012207031
2025-11-12 16:30:00+00:00,344.4599914550781
2025-11-12 16:33:00+00:00,344.614990234375
2025-11-12 16:34:00+00:00,344.6499938964844
2025-11-12 16:35:00+00:00,344.6099853515625
2025-11-12 16:39:00+00:00,344.6700134277344
2025-11-12 16:41:00+00:00,344.6700134277344
2025-11-12 16:45:00+00:00,344.743408203125
2025-11-12 16:48:00+00:00,344.3949890136719
2025-11-12 16:50:00+00:00,344.45001220703125
2025-11-12 16:51:00+00:00,344.4574890136719
2025-11-12 16:52:00+00:00,344.4549865722656
2025-11-12 16:53:00+00:00,344.2900085449219
2025-11-12 16:54:00+00:00,344.57000732421875
2025-11-12 16:55:00+00:00,344.9700012207031
2025-11-12 16:56:00+00:00,345.05999755859375
2025-11-12 16:57:00+00:00,345.0400085449219
2025-11-12 16:58:00+00:00,344.7799987792969
2025-11-12 17:02:00+00:00,344.989990234375
2025-11-12 17:03:00+00:00,345.0799865722656
2025-11-12 17:04:00+00:00,345.07000732421875
2025-11-12 17:06:00+00:00,345.0799865722656
2025-11-12 17:08:00+00:00,344.70001220703125
2025-11-12 17:10:00+00:00,344.3599853515625
2025-11-12 17:14:00+00:00,344.2300109863281
2025-11-12 17:15:00+00:00,344.7449951171875
2025-11-12 17:16:00+00:00,344.75
2025-11-12 17:17:00+00:00,344.6300048828125
2025-11-12 17:21:00+00:00,344.7300109863281
2025-11-12 17:26:00+00:00,344.3900146484375
2025-11-12 17:30:00+00:00,344.3399963378906
2025-11-12 17:31:00+00:00,344.635009765625
2025-11-12 17:32:00+00:00,344.2799987792969
2025-11-12 17:34:00+00:00,344.2749938964844
2025-11-12 17:35:00+00:00,344.375
2025-11-12 17:40:00+00:00,344.70001220703125
2025-11-12 17:41:00+00:00,344.57501220703125
2025-11-12 17:44:00+00:00,344.19000244140625
2025-11-12 17:45:00+00:00,344.5350036621094
2025-11-12 17:47:00+00:00,344.5450134277344
2025-11-12 17:48:00+00:00,344.6000061035156
2025-11-12 17:50:00+00:00,344.41778564453125
2025-11-12 17:53:00+00:00,344.25
2025-11-12 17:55:00+00:00,344.7099914550781
2025-11-12 17:58:00+00:00,345.0586853027344
2025-11-12 18:01:00+00:00,345.010009765625
2025-11-12 18:02:00+00:00,344.9862976074219
2025-11-12 18:03:00+00:00,344.7099914550781
2025-11-12 18:04:00+00:00,344.7099914550781
2025-11-12 18:05:00+00:00,344.29998779296875
2025-11-12 18:06:00+00:00,344.1600036621094
2025-11-12 18:10:00+00:00,343.8599853515625
2025-11-12 18:14:00+00:00,344.125
2025-11-12 18:15:00+00:00,344.2200012207031
2025-11-12 18:17:00+00:00,343.8699951171875
2025-11-12 18:22:00+00:00,343.8399963378906
2025-11-12 18:23:00+00:00,343.8299865722656
2025-11-12 18:26:00+00:00,343.67999267578125
2025-11-12 18:27:00+00:00,343.4949951171875
2025-11-12 18:28:00+00:00,343.4849853515625
2025-11-12 18:29:00+00:00,343.55999755859375
2025-11-12 18:30:00+00:00,344.1214904785156
2025-11-12 18:31:00+00:00,343.54681396484375
2025-11-12 18:35:00+00:00,343.94000244140625
2025-11-12 18:36:00+00:00,343.94000244140625
2025-11-12 18:37:00+00:00,343.8169860839844
2025-11-12 18:39:00+00:00,343.8900146484375
2025-11-12 18:43:00+00:00,343.79998779296875
2025-11-12 18:47:00+00:00,343.9549865722656
2025-11-12 18:48:00+00:00,343.92999267578125
2025-11-12 18:51:00+00:00,343.8900146484375
2025-11-12 18:58:00+00:00,343.8900146484375
2025-11-12 19:01:00+00:00,343.55999755859375
2025-11-12 19:02:00+00:00,343.5899963378906
2025-11-12 19:03:00+00:00,343.614990234375
2025-11-12 19:04:00+00:00,343.30999755859375
2025-11-12 19:05:00+00:00,343.54998779296875
2025-11-12 19:06:00+00:00,343.4200134277344
2025-11-12 19:08:00+00:00,343.3800048828125
2025-11-12 19:10:00+00:00,343.4200134277344
2025-11-12 19:11:00+00:00,343.3599853515625
2025-11-12 19:12:00+00:00,343.2699890136719
2025-11-12 19:13:00+00:00,343.4100036621094
2025-11-12 19:15:00+00:00,343.2300109863281
2025-11-12 19:16:00+00:00,343.1199951171875
2025-11-12 19:17:00+00:00,343.0799865722656
2025-11-12 19:18:00+00:00,343.1600036621094
2025-11-12 19:19:00+00:00,343.1499938964844
2025-11-12 19:20:00+00:00,343.1499938964844
2025-11-12 19:21:00+00:00,342.92999267578125
2025-11-12 19:28:00+00:00,342.760009765625
2025-11-12 19:30:00+00:00,342.6449890136719
2025-11-12 19:31:00+00:00,342.7225036621094
2025-11-12 19:32:00+00:00,342.7699890136719
2025-11-12 19:34:00+00:00,342.7749938964844
2025-11-12 19:35:00+00:00,342.8399963378906
2025-11-12 19:37:00+00:00,342.9100036621094
2025-11-12 19:38:00+00:00,343.2699890136719
2025-11-12 19:40:00+00:00,343.0
2025-11-12 19:41:00+00:00,343.6400146484375
2025-11-12 19:43:00+00:00,343.19000244140625
2025-11-12 19:45:00+00:00,342.760009765625
2025-11-12 19:48:00+00:00,343.125
2025-11-12 19:51:00+00:00,342.739990234375
2025-11-12 19:52:00+00:00,342.6499938964844
2025-11-12 19:53:00+00:00,342.6000061035156
2025-11-12 19:54:00+00:00,342.9849853515625
2025-11-12 19:56:00+00:00,343.0249938964844
2025-11-12 19:58:00+00:00,342.5799865722656
2025-11-12 20:00:00+00:00,342.5350036621094
2025-11-12 20:01:00+00:00,342.5425109863281
2025-11-12 20:05:00+00:00,342.3085021972656
2025-11-12 20:06:00+00:00,342.19000244140625
2025-11-12 20:07:00+00:00,342.1199951171875
2025-11-12 20:08:00+00:00,342.3550109863281
2025-11-12 20:09:00+00:00,342.40509033203125
2025-11-12 20:12:00+00:00,342.29998779296875
2025-11-12 20:13:00+00:00,342.3800048828125
2025-11-12 20:14:00+00:00,342.54998779296875
2025-11-12 20:16:00+00:00,342.6000061035156
2025-11-12 20:17:00+00:00,342.510009765625
2025-11-12 20:18:00+00:00,342.4599914550781
2025-11-12 20:19:00+00:00,342.67279052734375
2025-11-12 20:20:00+00:00,342.5799865722656
2025-11-12 20:21:00+00:00,342.2799987792969
2025-11-12 20:22:00+00:00,342.1499938964844
2025-11-12 20:23:00+00:00,341.80999755859375
2025-11-12 20:24:00+00:00,341.6700134277344
2025-11-12 20:25:00+00:00,341.82000732421875
2025-11-12 20:26:00+00:00,341.93499755859375
2025-11-12 20:27:00+00:00,341.92999267578125
2025-11-12 20:28:00+00:00,342.0350036621094
2025-11-12 20:29:00+00:00,342.04998779296875
2025-11-12 20:31:00+00:00,341.8599853515625
2025-11-12 20:32:00+00:00,342.135009765625
2025-11-12 20:33:00+00:00,342.135009765625
2025-11-12 20:35:00+00:00,342.1199951171875
2025-11-12 20:36:00+00:00,342.0199890136719
2025-11-12 20:37:00+00:00,341.8599853515625
2025-11-12 20:38:00+00:00,341.69000244140625
2025-11-12 20:39:00+00:00,341.7099914550781
2025-11-12 20:40:00+00:00,342.2250061035156
2025-11-12 20:41:00+00:00,342.2699890136719
2025-11-12 20:42:00+00:00,342.3900146484375
2025-11-12 20:43:00+00:00,342.8190002441406
2025-11-12 20:44:00+00:00,343.17498779296875
2025-11-12 20:45:00+00:00,342.9100036621094
2025-11-12 20:46:00+00:00,342.9549865722656
2025-11-12 20:47:00+00:00,342.79998779296875
2025-11-12 20:48:00+00:00,342.67999267578125
2025-11-12 20:49:00+00:00,342.7099914550781
2025-11-12 20:50:00+00:00,342.45001220703125
2025-11-12 20:51:00+00:00,342.07000732421875
2025-11-12 20:52:00+00:00,341.7900085449219
2025-11-12 20:53:00+00:00,342.0350036621094
2025-11-12 20:54:00+00:00,342.0
2025-11-12 20:55:00+00:00,341.6000061035156
2025-11-12 20:56:00+00:00,341.7650146484375
2025-11-12 20:57:00+00:00,341.67498779296875
2025-11-12 20:58:00+00:00,341.67498779296875
2025-11-12 20:59:00+00:00,341.7200012207031
2025-11-13 14:30:00+00:00,340.760009765625
2025-11-13 14:31:00+00:00,341.5950012207031
2025-11-13 14:33:00+00:00,343.3349914550781
2025-11-13 14:34:00+00:00,342.80999755859375
2025-11-13 14:35:00+00:00,342.8699951171875
2025-11-13 14:44:00+00:00,342.8163146972656
2025-11-13 14:45:00+00:00,342.5
2025-11-13 14:46:00+00:00,341.8500061035156
2025-11-13 14:47:00+00:00,341.8500061035156
2025-11-13 14:48:00+00:00,341.8500061035156
2025-11-13 14:49:00+00:00,341.6499938964844
2025-11-13 14:50:00+00:00,341.0
2025-11-13 14:51:00+00:00,342.6499938964844
2025-11-13 14:53:00+00:00,342.4525146484375
2025-11-13 14:54:00+00:00,342.4949951171875
2025-11-13 14:57:00+00:00,341.7799987792969
2025-11-13 14:58:00+00:00,341.8599853515625
2025-11-13 14:59:00+00:00,341.8500061035156
2025-11-13 15:00:00+00:00,341.8500061035156
2025-11-13 15:01:00+00:00,341.9049987792969
2025-11-13 15:02:00+00:00,341.9049987792969
2025-11-13 15:03:00+00:00,341.9800109863281
2025-11-13 15:04:00+00:00,342.739990234375
2025-11-13 15:05:00+00:00,342.4700012207031
2025-11-13 15:06:00+00:00,343.260009765625
2025-11-13 15:07:00+00:00,343.0
2025-11-13 15:08:00+00:00,342.3299865722656
2025-11-13 15:09:00+00:00,342.7054138183594
2025-11-13 15:11:00+00:00,343.5625
2025-11-13 15:12:00+00:00,343.25
2025-11-13 15:13:00+00:00,343.2699890136719
2025-11-13 15:14:00+00:00,343.32000732421875
2025-11-13 15:15:00+00:00,343.32000732421875
2025-11-13 15:17:00+00:00,342.79998779296875
2025-11-13 15:18:00+00:00,342.8500061035156
2025-11-13 15:19:00+00:00,342.8299865722656
2025-11-13 15:20:00+00:00,343.010009765625
2025-11-13 15:21:00+00:00,342.81500244140625
2025-11-13 15:24:00+00:00,342.7099914550781
2025-11-13 15:25:00+00:00,342.2850036621094
2025-11-13 15:26:00+00:00,342.01251220703125
2025-11-13 15:30:00+00:00,341.635009765625
2025-11-13 15:31:00+00:00,341.760009765625
2025-11-13 15:32:00+00:00,340.7300109863281
2025-11-13 15:33:00+00:00,340.3550109863281
2025-11-13 15:34:00+00:00,340.0
2025-11-13 15:35:00+00:00,339.6300048828125
2025-11-13 15:37:00+00:00,339.9649963378906
2025-11-13 15:40:00+00:00,339.9649963378906
2025-11-13 15:42:00+00:00,339.3699951171875
2025-11-13 15:43:00+00:00,339.864990234375
2025-11-13 15:44:00+00:00,339.6000061035156
2025-11-13 15:45:00+00:00,339.864990234375
2025-11-13 15:46:00+00:00,341.44000244140625
2025-11-13 15:49:00+00:00,340.94000244140625
2025-11-13 15:52:00+00:00,340.1499938964844
2025-11-13 15:53:00+00:00,340.1400146484375
2025-11-13 15:54:00+00:00,340.1400146484375
2025-11-13 15:55:00+00:00,340.1400146484375
2025-11-13 15:56:00+00:00,339.8399963378906
2025-11-13 15:57:00+00:00,340.07000732421875
2025-11-13 15:58:00+00:00,340.8599853515625
2025-11-13 16:00:00+00:00,340.94000244140625
2025-11-13 16:02:00+00:00,341.2099914550781
2025-11-13 16:03:00+00:00,341.239990234375
2025-11-13 16:04:00+00:00,341.07000732421875
2025-11-13 16:05:00+00:00,340.7149963378906
2025-11-13 16:07:00+00:00,340.9800109863281
2025-11-13 16:08:00+00:00,341.04998779296875
2025-11-13 16:11:00+00:00,340.7049865722656
2025-11-13 16:12:00+00:00,340.80999755859375
2025-11-13 16:14:00+00:00,340.7414855957031
2025-11-13 16:16:00+00:00,340.6763610839844
2025-11-13 16:17:00+00:00,340.4700012207031
2025-11-13 16:18:00+00:00,340.5199890136719
2025-11-13 16:19:00+00:00,340.5299987792969
2025-11-13 16:20:00+00:00,340.80499267578125
2025-11-13 16:21:00+00:00,340.6199951171875
2025-11-13 16:22:00+00:00,340.4942932128906
2025-11-13 16:23:00+00:00,340.6600036621094
2025-11-13 16:24:00+00:00,340.4750061035156
2025-11-13 16:25:00+00:00,340.3399963378906
2025-11-13 16:26:00+00:00,340.1000061035156
2025-11-13 16:27:00+00:00,340.30999755859375
2025-11-13 16:28:00+00:00,340.3599853515625
2025-11-13 16:29:00+00:00,340.585693359375
2025-11-13 16:30:00+00:00,340.9949951171875
2025-11-13 16:31:00+00:00,341.010009765625
2025-11-13 16:32:00+00:00,341.0
2025-11-13 16:33:00+00:00,341.0799865722656
2025-11-13 16:34:00+00:00,341.6099853515625
2025-11-13 16:35:00+00:00,341.20001220703125
2025-11-13 16:37:00+00:00,340.80999755859375
2025-11-13 16:38:00+00:00,340.6600036621094
2025-11-13 16:39:00+00:00,340.5799865722656
2025-11-13 16:40:00+00:00,340.25
2025-11-13 16:43:00+00:00,340.2799987792969
2025-11-13 16:44:00+00:00,340.07000732421875
2025-11-13 16:45:00+00:00,339.989990234375
2025-11-13 16:46:00+00:00,339.989990234375
2025-11-13 16:47:00+00:00,340.54998779296875
2025-11-13 16:50:00+00:00,340.5899963378906
2025-11-13 16:54:00+00:00,340.4700012207031
2025-11-13 16:58:00+00:00,340.8599853515625
2025-11-13 17:01:00+00:00,340.7799987792969
2025-11-13 17:04:00+00:00,340.7875061035156
2025-11-13 17:05:00+00:00,340.9100036621094
2025-11-13 17:07:00+00:00,341.07000732421875
2025-11-13 17:08:00+00:00,340.82000732421875
2025-11-13 17:10:00+00:00,340.3399963378906
2025-11-13 17:11:00+00:00,340.67999267578125
2025-11-13 17:12:00+00:00,340.5827941894531
2025-11-13 17:14:00+00:00,340.6199951171875
2025-11-13 17:15:00+00:00,340.82000732421875
2025-11-13 17:16:00+00:00,340.614990234375
2025-11-13 17:17:00+00:00,340.614990234375
2025-11-13 17:18:00+00:00,340.70001220703125
2025-11-13 17:21:00+00:00,340.5274963378906
2025-11-13 17:22:00+00:00,340.5249938964844
2025-11-13 17:24:00+00:00,340.5400085449219
2025-11-13 17:25:00+00:00,340.4200134277344
2025-11-13 17:26:00+00:00,340.17999267578125
2025-11-13 17:27:00+00:00,340.19000244140625
2025-11-13 17:28:00+00:00,340.2049865722656
2025-11-13 17:29:00+00:00,340.32000732421875
2025-11-13 17:31:00+00:00,340.2699890136719
2025-11-13 17:34:00+00:00,340.6000061035156
2025-11-13 17:38:00+00:00,339.9800109863281
2025-11-13 17:39:00+00:00,340.6600036621094
2025-11-13 17:40:00+00:00,340.54998779296875
2025-11-13 17:41:00+00:00,340.1400146484375
2025-11-13 17:42:00+00:00,340.3924865722656
2025-11-13 17:43:00+00:00,340.385009765625
2025-11-13 17:47:00+00:00,339.7799987792969
2025-11-13 17:48:00+00:00,339.6400146484375
2025-11-13 17:49:00+00:00,339.8699951171875
2025-11-13 17:50:00+00:00,339.6300048828125
2025-11-13 17:53:00+00:00,339.8924865722656
2025-11-13 17:54:00+00:00,340.1499938964844
2025-11-13 17:55:00+00:00,340.0
2025-11-13 17:57:00+00:00,339.82000732421875
2025-11-13 17:59:00+00:00,339.3699951171875
2025-11-13 18:00:00+00:00,339.75
2025-11-13 18:06:00+00:00,339.7699890136719
2025-11-13 18:07:00+00:00,339.67999267578125
2025-11-13 18:10:00+00:00,339.6199951171875
2025-11-13 18:11:00+00:00,339.3699951171875
2025-11-13 18:12:00+00:00,339.2414855957031
2025-11-13 18:18:00+00:00,339.8299865722656
2025-11-13 18:19:00+00:00,339.7650146484375
2025-11-13 18:23:00+00:00,339.57000732421875
2025-11-13 18:24:00+00:00,339.989990234375
2025-11-13 18:25:00+00:00,339.3699951171875
2025-11-13 18:26:00+00:00,339.2900085449219
2025-11-13 18:29:00+00:00,339.43499755859375
2025-11-13 18:33:00+00:00,339.4049987792969
2025-11-13 18:34:00+00:00,339.4049987792969
2025-11-13 18:35:00+00:00,339.239990234375
2025-11-13 18:36:00+00:00,339.1700134277344
2025-11-13 18:37:00+00:00,338.9200134277344
2025-11-13 18:38:00+00:00,338.9150085449219
2025-11-13 18:40:00+00:00,339.0299987792969
2025-11-13 18:41:00+00:00,338.6697082519531
2025-11-13 18:45:00+00:00,338.6650085449219
2025-11-13 18:46:00+00:00,338.6400146484375
2025-11-13 18:47:00+00:00,339.2300109863281
2025-11-13 18:48:00+00:00,339.2799987792969
2025-11-13 18:49:00+00:00,339.44000244140625
2025-11-13 18:50:00+00:00,339.6000061035156
2025-11-13 18:54:00+00:00,339.25
2025-11-13 18:55:00+00:00,339.45001220703125
2025-11-13 18:57:00+00:00,339.20001220703125
2025-11-13 18:58:00+00:00,339.19000244140625
2025-11-13 18:59:00+00:00,339.19000244140625
2025-11-13 19:00:00+00:00,339.3999938964844
2025-11-13 19:01:00+00:00,339.6099853515625
2025-11-13 19:05:00+00:00,339.6199951171875
2025-11-13 19:07:00+00:00,339.32000732421875
2025-11-13 19:08:00+00:00,339.1400146484375
2025-11-13 19:09:00+00:00,339.3800048828125
2025-11-13 19:11:00+00:00,339.4150085449219
2025-11-13 19:12:00+00:00,339.2099914550781
2025-11-13 19:14:00+00:00,339.1300048828125
2025-11-13 19:15:00+00:00,339.2300109863281
2025-11-13 19:16:00+00:00,339.19000244140625
2025-11-13 19:17:00+00:00,339.4100036621094
2025-11-13 19:20:00+00:00,338.9800109863281
2025-11-13 19:21:00+00:00,338.7900085449219
2025-11-13 19:22:00+00:00,339.3299865722656
2025-11-13 19:25:00+00:00,339.19140625
2025-11-13 19:26:00+00:00,339.1099853515625
2025-11-13 19:27:00+00:00,339.239990234375
2025-11-13 19:28:00+00:00,339.0899963378906
2025-11-13 19:29:00+00:00,339.1400146484375
2025-11-13 19:30:00+00:00,339.1199951171875
2025-11-13 19:31:00+00:00,339.1199951171875
2025-11-13 19:32:00+00:00,339.1199951171875
2025-11-13 19:33:00+00:00,339.125
2025-11-13 19:34:00+00:00,339.0199890136719
2025-11-13 19:35:00+00:00,338.9200134277344
2025-11-13 19:36:00+00:00,338.80999755859375
2025-11-13 19:37:00+00:00,338.7699890136719
2025-11-13 19:38:00+00:00,338.4800109863281
2025-11-13 19:39:00+00:00,338.3800048828125
2025-11-13 19:40:00+00:00,338.2300109863281
2025-11-13 19:41:00+00:00,338.0
2025-11-13 19:42:00+00:00,337.8699951171875
2025-11-13 19:43:00+00:00,337.8399963378906
2025-11-13 19:44:00+00:00,337.6499938964844
2025-11-13 19:45:00+00:00,337.90008544921875
2025-11-13 19:46:00+00:00,337.67999267578125
2025-11-13 19:48:00+00:00,337.8399963378906
2025-11-13 19:49:00+00:00,337.8044128417969
2025-11-13 19:50:00+00:00,337.6300048828125
2025-11-13 19:52:00+00:00,337.8800048828125
2025-11-13 19:53:00+00:00,337.8699951171875
2025-11-13 19:54:00+00:00,337.5799865722656
2025-11-13 19:55:00+00:00,337.17999267578125
2025-11-13 19:56:00+00:00,337.614990234375
2025-11-13 20:00:00+00:00,337.1600036621094
2025-11-13 20:01:00+00:00,337.05999755859375
2025-11-13 20:02:00+00:00,337.010009765625
2025-11-13 20:03:00+00:00,337.2795104980469
2025-11-13 20:04:00+00:00,337.20849609375
2025-11-13 20:05:00+00:00,336.760009765625
2025-11-13 20:06:00+00:00,336.6300048828125
2025-11-13 20:07:00+00:00,336.7900085449219
2025-11-13 20:08:00+00:00,337.0050048828125
2025-11-13 20:10:00+00:00,336.8800048828125
2025-11-13 20:11:00+00:00,336.80999755859375
2025-11-13 20:12:00+00:00,337.0101013183594
2025-11-13 20:13:00+00:00,336.9049987792969
2025-11-13 20:14:00+00:00,336.7300109863281
2025-11-13 20:15:00+00:00,336.7099914550781
2025-11-13 20:16:00+00:00,336.7650146484375
2025-11-13 20:18:00+00:00,336.54998779296875
2025-11-13 20:19:00+00:00,336.3699951171875
2025-11-13 20:21:00+00:00,336.1700134277344
2025-11-13 20:23:00+00:00,336.2825012207031
2025-11-13 20:24:00+00:00,336.6440124511719
2025-11-13 20:25:00+00:00,336.4200134277344
2025-11-13 20:26:00+00:00,336.2200012207031
2025-11-13 20:27:00+00:00,336.45001220703125
2025-11-13 20:28:00+00:00,336.5799865722656
2025-11-13 20:29:00+00:00,336.8399963378906
2025-11-13 20:30:00+00:00,337.04998779296875
2025-11-13 20:31:00+00:00,337.2298889160156
2025-11-13 20:35:00+00:00,337.2699890136719
2025-11-13 20:36:00+00:00,337.0
2025-11-13 20:37:00+00:00,336.8399963378906
2025-11-13 20:39:00+00:00,336.8299865722656
2025-11-13 20:40:00+00:00,337.114990234375
2025-11-13 20:41:00+00:00,336.8800048828125
2025-11-13 20:43:00+00:00,336.760009765625
2025-11-13 20:44:00+00:00,336.739990234375
2025-11-13 20:45:00+00:00,336.5199890136719
2025-11-13 20:46:00+00:00,336.4800109863281
2025-11-13 20:47:00+00:00,336.5199890136719
2025-11-13 20:49:00+00:00,336.3299865722656
2025-11-13 20:50:00+00:00,336.3900146484375
2025-11-13 20:51:00+00:00,336.375
2025-11-13 20:52:00+00:00,335.7799987792969
2025-11-13 20:53:00+00:00,335.7200012207031
2025-11-13 20:54:00+00:00,335.6300048828125
2025-11-13 20:55:00+00:00,335.3999938964844
2025-11-13 20:56:00+00:00,335.67999267578125
2025-11-13 20:57:00+00:00,335.7900085449219
2025-11-13 20:58:00+00:00,336.0450134277344
2025-11-13 20:59:00+00:00,336.17999267578125
2025-11-14 14:30:00+00:00,334.0
2025-11-14 14:34:00+00:00,334.68499755859375
2025-11-14 14:36:00+00:00,333.5924987792969
2025-11-14 14:37:00+00:00,333.8500061035156
2025-11-14 14:38:00+00:00,333.489990234375
2025-11-14 14:41:00+00:00,333.31500244140625
2025-11-14 14:42:00+00:00,333.6099853515625
2025-11-14 14:43:00+00:00,333.2950134277344
2025-11-14 14:44:00+00:00,333.3500061035156
2025-11-14 14:46:00+00:00,333.3450012207031
2025-11-14 14:47:00+00:00,333.29998779296875
2025-11-14 14:48:00+00:00,332.95001220703125
2025-11-14 14:49:00+00:00,333.5400085449219
2025-11-14 14:52:00+00:00,333.364990234375
2025-11-14 14:53:00+00:00,333.364990234375
2025-11-14 14:54:00+00:00,332.8999938964844
2025-11-14 14:55:00+00:00,331.739990234375
2025-11-14 14:56:00+00:00,332.1449890136719
2025-11-14 14:59:00+00:00,332.6700134277344
2025-11-14 15:01:00+00:00,333.0450134277344
2025-11-14 15:02:00+00:00,332.9549865722656
2025-11-14 15:03:00+00:00,332.3900146484375
2025-11-14 15:05:00+00:00,332.3599853515625
2025-11-14 15:06:00+00:00,333.0799865722656
2025-11-14 15:07:00+00:00,333.0249938964844
2025-11-14 15:08:00+00:00,333.114990234375
2025-11-14 15:09:00+00:00,333.114990234375
2025-11-14 15:11:00+00:00,333.1499938964844
2025-11-14 15:13:00+00:00,333.1098937988281
2025-11-14 15:14:00+00:00,333.0939025878906
2025-11-14 15:16:00+00:00,332.32501220703125
2025-11-14 15:17:00+00:00,331.95001220703125
2025-11-14 15:18:00+00:00,331.6300048828125
2025-11-14 15:19:00+00:00,331.79998779296875
2025-11-14 15:20:00+00:00,332.06500244140625
2025-11-14 15:21:00+00:00,332.30999755859375
2025-11-14 15:22:00+00:00,332.260009765625
2025-11-14 15:23:00+00:00,332.2699890136719
2025-11-14 15:24:00+00:00,331.2149963378906
2025-11-14 15:25:00+00:00,330.9800109863281
2025-11-14 15:27:00+00:00,331.44000244140625
2025-11-14 15:28:00+00:00,331.25
2025-11-14 15:30:00+00:00,331.0899963378906
2025-11-14 15:31:00+00:00,330.739990234375
2025-11-14 15:33:00+00:00,330.55999755859375
2025-11-14 15:34:00+00:00,330.8599853515625
2025-11-14 15:35:00+00:00,331.3900146484375
2025-11-14 15:36:00+00:00,331.3599853515625
2025-11-14 15:37:00+00:00,331.79998779296875
2025-11-14 15:38:00+00:00,331.55999755859375
2025-11-14 15:39:00+00:00,331.5
2025-11-14 15:41:00+00:00,331.7297058105469
2025-11-14 15:43:00+00:00,331.3599853515625
2025-11-14 15:44:00+00:00,331.239990234375
2025-11-14 15:45:00+00:00,331.42999267578125
2025-11-14 15:46:00+00:00,332.2550048828125
2025-11-14 15:47:00+00:00,332.2550048828125
2025-11-14 15:48:00+00:00,332.57000732421875
2025-11-14 15:49:00+00:00,332.0249938964844
2025-11-14 15:50:00+00:00,332.29998779296875
2025-11-14 15:51:00+00:00,332.0299987792969
2025-11-14 15:55:00+00:00,331.8999938964844
2025-11-14 15:56:00+00:00,331.69500732421875
2025-11-14 15:57:00+00:00,331.67498779296875
2025-11-14 15:58:00+00:00,331.4100036621094
2025-11-14 15:59:00+00:00,330.8500061035156
2025-11-14 16:00:00+00:00,331.5299072265625
2025-11-14 16:01:00+00:00,330.8299865722656
2025-11-14 16:02:00+00:00,330.8424987792969
2025-11-14 16:03:00+00:00,330.6499938964844
2025-11-14 16:04:00+00:00,330.56500244140625
2025-11-14 16:05:00+00:00,331.0199890136719
2025-11-14 16:06:00+00:00,331.4200134277344
2025-11-14 16:07:00+00:00,330.9200134277344
2025-11-14 16:08:00+00:00,330.9800109863281
2025-11-14 16:09:00+00:00,331.0150146484375
2025-11-14 16:11:00+00:00,331.3900146484375
2025-11-14 16:12:00+00:00,331.6582946777344
2025-11-14 16:13:00+00:00,331.94000244140625
2025-11-14 16:14:00+00:00,332.135009765625
2025-11-14 16:15:00+00:00,331.9800109863281
2025-11-14 16:16:00+00:00,332.010009765625
2025-11-14 16:21:00+00:00,332.010009765625
2025-11-14 16:24:00+00:00,332.5400085449219
2025-11-14 16:25:00+00:00,332.5400085449219
2025-11-14 16:26:00+00:00,332.54998779296875
2025-11-14 16:28:00+00:00,332.9208984375
2025-11-14 16:29:00+00:00,332.93499755859375
2025-11-14 16:30:00+00:00,332.6000061035156
2025-11-14 16:31:00+00:00,332.3500061035156
2025-11-14 16:32:00+00:00,332.239990234375
2025-11-14 16:33:00+00:00,331.8800048828125
2025-11-14 16:35:00+00:00,332.1449890136719
2025-11-14 16:36:00+00:00,332.1400146484375
2025-11-14 16:37:00+00:00,332.6400146484375
2025-11-14 16:40:00+00:00,332.7650146484375
2025-11-14 16:42:00+00:00,332.239990234375
2025-11-14 16:44:00+00:00,331.8800048828125
2025-11-14 16:45:00+00:00,331.8800048828125
2025-11-14 16:46:00+00:00,331.7699890136719
2025-11-14 16:47:00+00:00,331.44000244140625
2025-11-14 16:48:00+00:00,331.6199951171875
2025-11-14 16:49:00+00:00,331.6050109863281
2025-11-14 16:50:00+00:00,332.04998779296875
2025-11-14 16:51:00+00:00,331.8900146484375
2025-11-14 16:53:00+00:00,331.9800109863281
2025-11-14 16:55:00+00:00,331.7300109863281
2025-11-14 16:56:00+00:00,331.7950134277344
2025-11-14 16:57:00+00:00,332.239990234375
2025-11-14 16:58:00+00:00,332.3900146484375
2025-11-14 17:01:00+00:00,332.3999938964844
2025-11-14 17:02:00+00:00,332.1199951171875
2025-11-14 17:06:00+00:00,332.0199890136719
2025-11-14 17:07:00+00:00,332.2099914550781
2025-11-14 17:08:00+00:00,332.0
2025-11-14 17:11:00+00:00,332.32000732421875
2025-11-14 17:13:00+00:00,331.8399963378906
2025-11-14 17:14:00+00:00,331.57000732421875
2025-11-14 17:15:00+00:00,331.3599853515625
2025-11-14 17:16:00+00:00,331.4549865722656
2025-11-14 17:17:00+00:00,331.1600036621094
2025-11-14 17:18:00+00:00,331.0450134277344
2025-11-14 17:19:00+00:00,331.1199951171875
2025-11-14 17:22:00+00:00,331.1972961425781
2025-11-14 17:23:00+00:00,331.29998779296875
2025-11-14 17:24:00+00:00,331.1300048828125
2025-11-14 17:25:00+00:00,330.8999938964844
2025-11-14 17:26:00+00:00,330.8399963378906
2025-11-14 17:28:00+00:00,330.6499938964844
2025-11-14 17:29:00+00:00,330.80999755859375
2025-11-14 17:30:00+00:00,330.4700012207031
2025-11-14 17:31:00+00:00,330.5799865722656
2025-11-14 17:32:00+00:00,330.30499267578125
2025-11-14 17:33:00+00:00,330.3699951171875
2025-11-14 17:36:00+00:00,330.20001220703125
2025-11-14 17:37:00+00:00,330.3800048828125
2025-11-14 17:38:00+00:00,331.0799865722656
2025-11-14 17:40:00+00:00,331.0400085449219
2025-11-14 17:41:00+00:00,331.05499267578125
2025-11-14 17:42:00+00:00,331.2099914550781
2025-11-14 17:43:00+00:00,331.44500732421875
2025-11-14 17:46:00+00:00,331.42999267578125
2025-11-14 17:47:00+00:00,331.5400085449219
2025-11-14 17:48:00+00:00,331.42498779296875
2025-11-14 17:49:00+00:00,331.42498779296875
2025-11-14 17:50:00+00:00,331.239990234375
2025-11-14 17:51:00+00:00,331.4100036621094
2025-11-14 17:52:00+00:00,331.92498779296875
2025-11-14 17:53:00+00:00,332.114990234375
2025-11-14 17:54:00+00:00,332.0799865722656
2025-11-14 17:55:00+00:00,332.0799865722656
2025-11-14 17:56:00+00:00,332.1449890136719
2025-11-14 17:57:00+00:00,332.239990234375
2025-11-14 17:59:00+00:00,331.9949951171875
2025-11-14 18:00:00+00:00,331.30999755859375
2025-11-14 18:01:00+00:00,331.1600036621094
2025-11-14 18:02:00+00:00,330.8900146484375
2025-11-14 18:03:00+00:00,331.0199890136719
2025-11-14 18:04:00+00:00,331.0849914550781
2025-11-14 18:05:00+00:00,331.1499938964844
2025-11-14 18:06:00+00:00,331.2200012207031
2025-11-14 18:07:00+00:00,331.1827087402344
2025-11-14 18:08:00+00:00,331.010009765625
2025-11-14 18:09:00+00:00,330.9100036621094
2025-11-14 18:10:00+00:00,331.05999755859375
2025-11-14 18:11:00+00:00,331.4549865722656
2025-11-14 18:13:00+00:00,331.6289978027344
2025-11-14 18:14:00+00:00,332.1604919433594
2025-11-14 18:15:00+00:00,331.6300048828125
2025-11-14 18:16:00+00:00,331.7699890136719
2025-11-14 18:17:00+00:00,331.7250061035156
2025-11-14 18:18:00+00:00,331.6199951171875
2025-11-14 18:19:00+00:00,331.5400085449219
2025-11-14 18:20:00+00:00,331.5559997558594
2025-11-14 18:21:00+00:00,331.4700012207031
2025-11-14 18:22:00+00:00,330.9800109863281
2025-11-14 18:23:00+00:00,330.875
2025-11-14 18:24:00+00:00,330.875
2025-11-14 18:25:00+00:00,330.875
2025-11-14 18:26:00+00:00,330.875
2025-11-14 18:28:00+00:00,330.88250732421875
2025-11-14 18:29:00+00:00,331.05999755859375
2025-11-14 18:30:00+00:00,331.1050109863281
2025-11-14 18:31:00+00:00,330.75
2025-11-14 18:32:00+00:00,330.81500244140625
2025-11-14 18:33:00+00:00,330.82000732421875
2025-11-14 18:37:00+00:00,330.75
2025-11-14 18:38:00+00:00,330.7449951171875
2025-11-14 18:39:00+00:00,330.7349853515625
2025-11-14 18:40:00+00:00,330.5
2025-11-14 18:41:00+00:00,330.44000244140625
2025-11-14 18:43:00+00:00,330.30999755859375
2025-11-14 18:44:00+00:00,330.1499938964844
2025-11-14 18:45:00+00:00,330.19500732421875
2025-11-14 18:46:00+00:00,330.29998779296875
2025-11-14 18:48:00+00:00,330.1499938964844
2025-11-14 18:50:00+00:00,330.1400146484375
2025-11-14 18:51:00+00:00,330.489990234375
2025-11-14 18:52:00+00:00,330.510009765625
2025-11-14 18:54:00+00:00,330.67498779296875
2025-11-14 18:56:00+00:00,330.25
2025-11-14 18:57:00+00:00,330.30999755859375
2025-11-14 18:58:00+00:00,330.2900085449219
2025-11-14 19:00:00+00:00,330.29998779296875
2025-11-14 19:01:00+00:00,330.5
2025-11-14 19:02:00+00:00,330.2900085449219
2025-11-14 19:03:00+00:00,330.20001220703125
2025-11-14 19:05:00+00:00,330.04998779296875
2025-11-14 19:06:00+00:00,330.260009765625
2025-11-14 19:07:00+00:00,330.14300537109375
2025-11-14 19:08:00+00:00,329.989990234375
2025-11-14 19:09:00+00:00,330.0400085449219
2025-11-14 19:10:00+00:00,330.260009765625
2025-11-14 19:11:00+00:00,330.2650146484375
2025-11-14 19:12:00+00:00,330.54998779296875
2025-11-14 19:13:00+00:00,330.635009765625
2025-11-14 19:14:00+00:00,330.80999755859375
2025-11-14 19:15:00+00:00,331.0
2025-11-14 19:16:00+00:00,330.9599914550781
2025-11-14 19:18:00+00:00,330.9649963378906
2025-11-14 19:19:00+00:00,330.80999755859375
2025-11-14 19:20:00+00:00,330.95001220703125
2025-11-14 19:22:00+00:00,330.7300109863281
2025-11-14 19:23:00+00:00,330.94500732421875
2025-11-14 19:24:00+00:00,331.07000732421875
2025-11-14 19:25:00+00:00,330.75
2025-11-14 19:26:00+00:00,330.989990234375
2025-11-14 19:27:00+00:00,330.739990234375
2025-11-14 19:28:00+00:00,330.7900085449219
2025-11-14 19:29:00+00:00,331.00750732421875
2025-11-14 19:30:00+00:00,330.760009765625
2025-11-14 19:31:00+00:00,330.82000732421875
2025-11-14 19:32:00+00:00,330.760009765625
2025-11-14 19:33:00+00:00,330.79998779296875
2025-11-14 19:34:00+00:00,331.0150146484375
2025-11-14 19:36:00+00:00,330.7799987792969
2025-11-14 19:37:00+00:00,331.114990234375
2025-11-14 19:38:00+00:00,331.1549987792969
2025-11-14 19:39:00+00:00,331.44500732421875
2025-11-14 19:40:00+00:00,331.3599853515625
2025-11-14 19:41:00+00:00,331.5199890136719
2025-11-14 19:42:00+00:00,331.3900146484375
2025-11-14 19:43:00+00:00,331.260009765625
2025-11-14 19:44:00+00:00,331.2349853515625
2025-11-14 19:45:00+00:00,331.510009765625
2025-11-14 19:46:00+00:00,331.4649963378906
2025-11-14 19:48:00+00:00,331.1499938964844
2025-11-14 19:49:00+00:00,331.0199890136719
2025-11-14 19:50:00+00:00,330.989990234375
2025-11-14 19:51:00+00:00,330.989990234375
2025-11-14 19:52:00+00:00,330.989990234375
2025-11-14 19:53:00+00:00,330.989990234375
2025-11-14 19:54:00+00:00,331.0350036621094
2025-11-14 19:55:00+00:00,331.1199951171875
2025-11-14 19:56:00+00:00,331.3500061035156
2025-11-14 19:57:00+00:00,331.45001220703125
2025-11-14 19:58:00+00:00,331.4045104980469
2025-11-14 19:59:00+00:00,331.489990234375
2025-11-14 20:00:00+00:00,331.49249267578125
2025-11-14 20:01:00+00:00,331.489990234375
2025-11-14 20:02:00+00:00,331.5274963378906
2025-11-14 20:04:00+00:00,331.7099914550781
2025-11-14 20:05:00+00:00,331.5199890136719
2025-11-14 20:06:00+00:00,331.2699890136719
2025-11-14 20:07:00+00:00,330.989990234375
2025-11-14 20:08:00+00:00,330.9700012207031
2025-11-14 20:09:00+00:00,330.8949890136719
2025-11-14 20:10:00+00:00,330.7799987792969
2025-11-14 20:11:00+00:00,330.7300109863281
2025-11-14 20:12:00+00:00,330.6300048828125
2025-11-14 20:14:00+00:00,330.6000061035156
2025-11-14 20:15:00+00:00,330.75
2025-11-14 20:18:00+00:00,330.6199951171875
2025-11-14 20:19:00+00:00,330.5899963378906
2025-11-14 20:21:00+00:00,330.5299987792969
2025-11-14 20:22:00+00:00,330.3900146484375
2025-11-14 20:23:00+00:00,330.3900146484375
2025-11-14 20:24:00+00:00,330.30999755859375
2025-11-14 20:25:00+00:00,330.260009765625
2025-11-14 20:26:00+00:00,330.19500732421875
2025-11-14 20:27:00+00:00,330.07000732421875
2025-11-14 20:28:00+00:00,330.1123962402344
2025-11-14 20:29:00+00:00,330.3800048828125
2025-11-14 20:30:00+00:00,330.1700134277344
2025-11-14 20:31:00+00:00,330.30999755859375
2025-11-14 20:32:00+00:00,330.25
2025-11-14 20:33:00+00:00,330.30999755859375
2025-11-14 20:34:00+00:00,330.5450134277344
2025-11-14 20:36:00+00:00,330.5
2025-11-14 20:37:00+00:00,330.5
2025-11-14 20:38:00+00:00,330.6199951171875
2025-11-14 20:39:00+00:00,330.5899963378906
2025-11-14 20:40:00+00:00,330.3299865722656
2025-11-14 20:41:00+00:00,330.3299865722656
2025-11-14 20:42:00+00:00,330.3800048828125
2025-11-14 20:43:00+00:00,330.54998779296875
2025-11-14 20:44:00+00:00,330.4599914550781
2025-11-14 20:45:00+00:00,330.4949951171875
2025-11-14 20:46:00+00:00,330.3800048828125
2025-11-14 20:47:00+00:00,330.2099914550781
2025-11-14 20:48:00+00:00,330.1499938964844
2025-11-14 20:49:00+00:00,330.0299987792969
2025-11-14 20:50:00+00:00,330.0299987792969
2025-11-14 20:51:00+00:00,330.260009765625
2025-11-14 20:52:00+00:00,329.94000244140625
2025-11-14 20:53:00+00:00,329.8999938964844
2025-11-14 20:54:00+00:00,329.7349853515625
2025-11-14 20:55:00+00:00,329.6199951171875
2025-11-14 20:56:00+00:00,329.489990234375
2025-11-14 20:57:00+00:00,329.32501220703125
2025-11-14 20:58:00+00:00,329.4525146484375
2025-11-14 20:59:00+00:00,329.9100036621094
2025-11-17 14:30:00+00:00,329.70001220703125
2025-11-17 14:32:00+00:00,329.70001220703125
2025-11-17 14:33:00+00:00,329.625
2025-11-17 14:34:00+00:00,329.2300109863281
2025-11-17 14:36:00+00:00,329.0
2025-11-17 14:37:00+00:00,329.0
2025-11-17 14:38:00+00:00,329.2666015625
2025-11-17 14:39:00+00:00,330.0799865722656
2025-11-17 14:40:00+00:00,330.3800048828125
2025-11-17 14:41:00+00:00,330.4200134277344
2025-11-17 14:43:00+00:00,329.8999938964844
2025-11-17 14:45:00+00:00,329.9949951171875
2025-11-17 14:46:00+00:00,329.875
2025-11-17 14:47:00+00:00,330.4800109863281
2025-11-17 14:48:00+00:00,330.3999938964844
2025-11-17 14:56:00+00:00,331.1499938964844
2025-11-17 14:58:00+00:00,330.94000244140625
2025-11-17 14:59:00+00:00,331.6099853515625
2025-11-17 15:00:00+00:00,332.1099853515625
2025-11-17 15:01:00+00:00,331.3599853515625
2025-11-17 15:05:00+00:00,331.697509765625
2025-11-17 15:07:00+00:00,331.5249938964844
2025-11-17 15:10:00+00:00,331.93499755859375
2025-11-17 15:14:00+00:00,332.2325134277344
2025-11-17 15:15:00+00:00,332.2550048828125
2025-11-17 15:16:00+00:00,332.2550048828125
2025-11-17 15:18:00+00:00,332.0799865722656
2025-11-17 15:21:00+00:00,332.0150146484375
2025-11-17 15:24:00+00:00,332.32000732421875
2025-11-17 15:26:00+00:00,332.54998779296875
2025-11-17 15:28:00+00:00,332.42999267578125
2025-11-17 15:29:00+00:00,332.5151062011719
2025-11-17 15:31:00+00:00,332.1300048828125
2025-11-17 15:32:00+00:00,332.3550109863281
2025-11-17 15:34:00+00:00,332.0
2025-11-17 15:35:00+00:00,332.1499938964844
2025-11-17 15:38:00+00:00,332.1499938964844
2025-11-17 15:39:00+00:00,332.1499938964844
2025-11-17 15:40:00+00:00,331.5199890136719
2025-11-17 15:44:00+00:00,331.7611999511719
2025-11-17 15:46:00+00:00,332.0450134277344
2025-11-17 15:47:00+00:00,331.80999755859375
2025-11-17 15:48:00+00:00,331.75
2025-11-17 15:49:00+00:00,331.5474853515625
2025-11-17 15:51:00+00:00,331.6000061035156
2025-11-17 15:53:00+00:00,331.5400085449219
2025-11-17 15:54:00+00:00,331.7514953613281
2025-11-17 15:55:00+00:00,331.6445007324219
2025-11-17 15:56:00+00:00,331.29998779296875
2025-11-17 15:57:00+00:00,331.5199890136719
2025-11-17 15:58:00+00:00,331.5
2025-11-17 15:59:00+00:00,331.6499938964844
2025-11-17 16:02:00+00:00,331.8599853515625
2025-11-17 16:04:00+00:00,332.010009765625
2025-11-17 16:05:00+00:00,331.82000732421875
2025-11-17 16:06:00+00:00,331.5400085449219
2025-11-17 16:10:00+00:00,331.6449890136719
2025-11-17 16:11:00+00:00,331.47918701171875
2025-11-17 16:16:00+00:00,331.4949951171875
2025-11-17 16:17:00+00:00,331.55999755859375
2025-11-17 16:18:00+00:00,331.6600036621094
2025-11-17 16:19:00+00:00,331.55999755859375
2025-11-17 16:20:00+00:00,331.42999267578125
2025-11-17 16:21:00+00:00,331.3999938964844
2025-11-17 16:22:00+00:00,331.1300048828125
2025-11-17 16:23:00+00:00,331.30999755859375
2025-11-17 16:25:00+00:00,331.29998779296875
2025-11-17 16:26:00+00:00,331.54998779296875
2025-11-17 16:27:00+00:00,331.57000732421875
2025-11-17 16:29:00+00:00,331.6510009765625
2025-11-17 16:30:00+00:00,331.70001220703125
2025-11-17 16:32:00+00:00,331.8299865722656
2025-11-17 16:33:00+00:00,331.7099914550781
2025-11-17 16:35:00+00:00,331.42999267578125
2025-11-17 16:40:00+00:00,331.82000732421875
2025-11-17 16:46:00+00:00,331.8349914550781
2025-11-17 16:49:00+00:00,332.1499938964844
2025-11-17 16:50:00+00:00,332.1549987792969
2025-11-17 16:51:00+00:00,332.0350036621094
2025-11-17 16:55:00+00:00,331.760009765625
2025-11-17 16:57:00+00:00,331.92999267578125
2025-11-17 16:59:00+00:00,332.1300048828125
2025-11-17 17:00:00+00:00,332.239990234375
2025-11-17 17:04:00+00:00,332.6499938964844
2025-11-17 17:06:00+00:00,332.5150146484375
2025-11-17 17:09:00+00:00,332.52508544921875
2025-11-17 17:17:00+00:00,332.55499267578125
2025-11-17 17:18:00+00:00,332.55499267578125
2025-11-17 17:19:00+00:00,332.5400085449219
2025-11-17 17:21:00+00:00,332.55499267578125
2025-11-17 17:22:00+00:00,332.55499267578125
2025-11-17 17:23:00+00:00,332.5400085449219
2025-11-17 17:24:00+00:00,332.55999755859375
2025-11-17 17:25:00+00:00,332.20001220703125
2025-11-17 17:26:00+00:00,332.1700134277344
2025-11-17 17:28:00+00:00,332.3999938964844
2025-11-17 17:31:00+00:00,332.3999938964844
2025-11-17 17:32:00+00:00,332.3999938964844
2025-11-17 17:35:00+00:00,332.4200134277344
2025-11-17 17:36:00+00:00,332.4403991699219
2025-11-17 17:37:00+00:00,332.3299865722656
2025-11-17 17:41:00+00:00,332.3999938964844
2025-11-17 17:42:00+00:00,332.6400146484375
2025-11-17 17:43:00+00:00,332.8500061035156
2025-11-17 17:44:00+00:00,332.6700134277344
2025-11-17 17:45:00+00:00,332.4750061035156
2025-11-17 17:48:00+00:00,332.25
2025-11-17 17:49:00+00:00,332.4599914550781
2025-11-17 17:50:00+00:00,332.32000732421875
2025-11-17 17:51:00+00:00,332.0400085449219
2025-11-17 17:54:00+00:00,331.739990234375
2025-11-17 17:57:00+00:00,331.5340881347656
2025-11-17 17:59:00+00:00,331.7850036621094
2025-11-17 18:02:00+00:00,331.760009765625
2025-11-17 18:03:00+00:00,331.9200134277344
2025-11-17 18:04:00+00:00,331.7449951171875
2025-11-17 18:07:00+00:00,331.57000732421875
2025-11-17 18:08:00+00:00,331.989990234375
2025-11-17 18:10:00+00:00,331.9949951171875
2025-11-17 18:11:00+00:00,331.7900085449219
2025-11-17 18:12:00+00:00,331.9700012207031
2025-11-17 18:13:00+00:00,331.9700012207031
2025-11-17 18:15:00+00:00,331.99700927734375
2025-11-17 18:16:00+00:00,331.9150085449219
2025-11-17 18:18:00+00:00,331.739990234375
2025-11-17 18:20:00+00:00,331.9049987792969
2025-11-17 18:22:00+00:00,331.9049987792969
2025-11-17 18:23:00+00:00,331.739990234375
2025-11-17 18:24:00+00:00,331.8735046386719
2025-11-17 18:25:00+00:00,331.7850036621094
2025-11-17 18:26:00+00:00,331.8999938964844
2025-11-17 18:28:00+00:00,331.875
2025-11-17 18:29:00+00:00,331.9849853515625
2025-11-17 18:30:00+00:00,331.6400146484375
2025-11-17 18:31:00+00:00,331.6300048828125
2025-11-17 18:32:00+00:00,331.635009765625
2025-11-17 18:35:00+00:00,331.8299865722656
2025-11-17 18:36:00+00:00,331.5899963378906
2025-11-17 18:37:00+00:00,331.5
2025-11-17 18:38:00+00:00,331.69000244140625
2025-11-17 18:40:00+00:00,331.3800048828125
2025-11-17 18:41:00+00:00,331.2200012207031
2025-11-17 18:43:00+00:00,331.5
2025-11-17 18:45:00+00:00,331.7200012207031
2025-11-17 18:46:00+00:00,331.9800109863281
2025-11-17 18:47:00+00:00,332.0400085449219
2025-11-17 18:48:00+00:00,332.20001220703125
2025-11-17 18:49:00+00:00,331.9100036621094
2025-11-17 18:50:00+00:00,331.92498779296875
2025-11-17 18:51:00+00:00,331.80999755859375
2025-11-17 18:53:00+00:00,331.6600036621094
2025-11-17 18:54:00+00:00,331.5299987792969
2025-11-17 18:55:00+00:00,331.45001220703125
2025-11-17 18:57:00+00:00,331.4599914550781
2025-11-17 18:58:00+00:00,331.2699890136719
2025-11-17 18:59:00+00:00,331.1000061035156
2025-11-17 19:00:00+00:00,331.1211853027344
2025-11-17 19:02:00+00:00,331.3999938964844
2025-11-17 19:03:00+00:00,331.3800048828125
2025-11-17 19:04:00+00:00,331.6000061035156
2025-11-17 19:05:00+00:00,331.5400085449219
2025-11-17 19:08:00+00:00,331.8500061035156
2025-11-17 19:09:00+00:00,331.57000732421875
2025-11-17 19:10:00+00:00,331.5899963378906
2025-11-17 19:11:00+00:00,331.510009765625
2025-11-17 19:12:00+00:00,331.7099914550781
2025-11-17 19:13:00+00:00,331.6300048828125
2025-11-17 19:14:00+00:00,331.5
2025-11-17 19:17:00+00:00,331.57000732421875
2025-11-17 19:18:00+00:00,331.3800048828125
2025-11-17 19:19:00+00:00,331.3349914550781
2025-11-17 19:20:00+00:00,331.17999267578125
2025-11-17 19:21:00+00:00,331.0950012207031
2025-11-17 19:22:00+00:00,331.260009765625
2025-11-17 19:23:00+00:00,331.2926025390625
2025-11-17 19:25:00+00:00,331.42999267578125
2025-11-17 19:26:00+00:00,330.989990234375
2025-11-17 19:28:00+00:00,330.9801025390625
2025-11-17 19:29:00+00:00,331.2900085449219
2025-11-17 19:30:00+00:00,331.3949890136719
2025-11-17 19:31:00+00:00,331.135009765625
2025-11-17 19:32:00+00:00,330.9100036621094
2025-11-17 19:33:00+00:00,331.1400146484375
2025-11-17 19:34:00+00:00,330.7900085449219
2025-11-17 19:35:00+00:00,330.82000732421875
2025-11-17 19:36:00+00:00,330.7200012207031
2025-11-17 19:38:00+00:00,330.19000244140625
2025-11-17 19:39:00+00:00,329.9800109863281
2025-11-17 19:40:00+00:00,330.0050048828125
2025-11-17 19:41:00+00:00,329.92498779296875
2025-11-17 19:42:00+00:00,329.7550048828125
2025-11-17 19:43:00+00:00,329.75
2025-11-17 19:44:00+00:00,329.8999938964844
2025-11-17 19:45:00+00:00,329.5950012207031
2025-11-17 19:47:00+00:00,329.3800048828125
2025-11-17 19:48:00+00:00,329.5400085449219
2025-11-17 19:53:00+00:00,329.42498779296875
2025-11-17 19:54:00+00:00,329.3999938964844
2025-11-17 19:55:00+00:00,329.5799865722656
2025-11-17 19:56:00+00:00,329.0799865722656
2025-11-17 19:57:00+00:00,329.17999267578125
2025-11-17 19:59:00+00:00,328.9800109863281
2025-11-17 20:00:00+00:00,328.80999755859375
2025-11-17 20:01:00+00:00,328.79998779296875
2025-11-17 20:02:00+00:00,328.9049987792969
2025-11-17 20:03:00+00:00,328.6400146484375
2025-11-17 20:04:00+00:00,328.68499755859375
2025-11-17 20:05:00+00:00,328.57000732421875
2025-11-17 20:06:00+00:00,328.5299987792969
2025-11-17 20:07:00+00:00,328.6449890136719
2025-11-17 20:08:00+00:00,328.6400146484375
2025-11-17 20:10:00+00:00,328.8900146484375
2025-11-17 20:11:00+00:00,328.9700012207031
2025-11-17 20:12:00+00:00,328.9200134277344
2025-11-17 20:14:00+00:00,329.0950012207031
2025-11-17 20:15:00+00:00,329.3299865722656
2025-11-17 20:16:00+00:00,329.1549987792969
2025-11-17 20:18:00+00:00,329.45001220703125
2025-11-17 20:19:00+00:00,329.2250061035156
2025-11-17 20:20:00+00:00,329.1600036621094
2025-11-17 20:21:00+00:00,328.9700012207031
2025-11-17 20:22:00+00:00,328.9150085449219
2025-11-17 20:23:00+00:00,329.1289978027344
2025-11-17 20:24:00+00:00,329.1300048828125
2025-11-17 20:25:00+00:00,329.3320007324219
2025-11-17 20:26:00+00:00,329.30499267578125
2025-11-17 20:27:00+00:00,329.2300109863281
2025-11-17 20:29:00+00:00,329.44000244140625
2025-11-17 20:30:00+00:00,329.6300048828125
2025-11-17 20:31:00+00:00,329.30999755859375
2025-11-17 20:32:00+00:00,329.2300109863281
2025-11-17 20:33:00+00:00,329.2149963378906
2025-11-17 20:34:00+00:00,329.3399963378906
2025-11-17 20:35:00+00:00,329.69500732421875
2025-11-17 20:36:00+00:00,329.8349914550781
2025-11-17 20:37:00+00:00,329.5199890136719
2025-11-17 20:38:00+00:00,329.42999267578125
2025-11-17 20:39:00+00:00,329.57000732421875
2025-11-17 20:40:00+00:00,329.6199951171875
2025-11-17 20:41:00+00:00,329.42999267578125
2025-11-17 20:42:00+00:00,329.6400146484375
2025-11-17 20:43:00+00:00,329.6600036621094
2025-11-17 20:44:00+00:00,329.7200012207031
2025-11-17 20:45:00+00:00,329.9750061035156
2025-11-17 20:46:00+00:00,330.1400146484375
2025-11-17 20:47:00+00:00,330.30499267578125
2025-11-17 20:48:00+00:00,330.218994140625
2025-11-17 20:49:00+00:00,329.68499755859375
2025-11-17 20:50:00+00:00,329.260009765625
2025-11-17 20:51:00+00:00,329.1300048828125
2025-11-17 20:52:00+00:00,328.8699951171875
2025-11-17 20:53:00+00:00,328.7799987792969
2025-11-17 20:54:00+00:00,328.5299987792969
2025-11-17 20:55:00+00:00,328.6300048828125
2025-11-17 20:56:00+00:00,328.7749938964844
2025-11-17 20:57:00+00:00,328.7099914550781
2025-11-17 20:58:00+00:00,328.79998779296875
2025-11-17 20:59:00+00:00,328.8299865722656
2025-11-18 14:30:00+00:00,324.8349914550781
2025-11-18 14:31:00+00:00,323.239990234375
2025-11-18 14:32:00+00:00,330.3699951171875
2025-11-18 14:33:00+00:00,331.6600036621094
2025-11-18 14:35:00+00:00,329.9100036621094
2025-11-18 14:36:00+00:00,329.45001220703125
2025-11-18 14:37:00+00:00,329.6300048828125
2025-11-18 14:38:00+00:00,329.6700134277344
2025-11-18 14:39:00+00:00,330.19000244140625
2025-11-18 14:40:00+00:00,329.67999267578125
2025-11-18 14:41:00+00:00,328.3555908203125
2025-11-18 14:43:00+00:00,330.1300048828125
2025-11-18 14:44:00+00:00,329.2449951171875
2025-11-18 14:45:00+00:00,329.6700134277344
2025-11-18 14:50:00+00:00,329.07000732421875
2025-11-18 14:51:00+00:00,329.07000732421875
2025-11-18 14:52:00+00:00,327.7149963378906
2025-11-18 14:53:00+00:00,327.8999938964844
2025-11-18 14:54:00+00:00,328.6947021484375
2025-11-18 14:56:00+00:00,328.9200134277344
2025-11-18 14:58:00+00:00,328.9200134277344
2025-11-18 14:59:00+00:00,328.9200134277344
2025-11-18 15:00:00+00:00,328.8500061035156
2025-11-18 15:03:00+00:00,328.3699951171875
2025-11-18 15:04:00+00:00,327.6700134277344
2025-11-18 15:05:00+00:00,327.7950134277344
2025-11-18 15:06:00+00:00,327.9200134277344
2025-11-18 15:07:00+00:00,328.2799987792969
2025-11-18 15:08:00+00:00,327.9800109863281
2025-11-18 15:10:00+00:00,327.5611877441406
2025-11-18 15:11:00+00:00,327.42999267578125
2025-11-18 15:12:00+00:00,327.44500732421875
2025-11-18 15:13:00+00:00,327.8349914550781
2025-11-18 15:14:00+00:00,327.9200134277344
2025-11-18 15:16:00+00:00,327.20001220703125
2025-11-18 15:20:00+00:00,327.4200134277344
2025-11-18 15:21:00+00:00,328.0899963378906
2025-11-18 15:22:00+00:00,328.0450134277344
2025-11-18 15:23:00+00:00,328.32000732421875
2025-11-18 15:24:00+00:00,328.739990234375
2025-11-18 15:25:00+00:00,329.2250061035156
2025-11-18 15:28:00+00:00,329.3500061035156
2025-11-18 15:29:00+00:00,329.5199890136719
2025-11-18 15:31:00+00:00,329.56500244140625
2025-11-18 15:32:00+00:00,330.2099914550781
2025-11-18 15:33:00+00:00,330.94000244140625
2025-11-18 15:34:00+00:00,330.1000061035156
2025-11-18 15:35:00+00:00,329.7049865722656
2025-11-18 15:36:00+00:00,329.82000732421875
2025-11-18 15:37:00+00:00,329.8949890136719
2025-11-18 15:38:00+00:00,329.8999938964844
2025-11-18 15:39:00+00:00,329.8949890136719
2025-11-18 15:40:00+00:00,329.0299987792969
2025-11-18 15:41:00+00:00,329.5
2025-11-18 15:42:00+00:00,329.4949951171875
2025-11-18 15:45:00+00:00,329.0199890136719
2025-11-18 15:46:00+00:00,328.9100036621094
2025-11-18 15:47:00+00:00,328.8514099121094
2025-11-18 15:49:00+00:00,329.1109924316406
2025-11-18 15:50:00+00:00,329.0199890136719
2025-11-18 15:53:00+00:00,328.8699951171875
2025-11-18 15:54:00+00:00,328.8299865722656
2025-11-18 15:55:00+00:00,328.7900085449219
2025-11-18 15:58:00+00:00,328.92498779296875
2025-11-18 15:59:00+00:00,328.8677978515625
2025-11-18 16:00:00+00:00,328.8699951171875
2025-11-18 16:01:00+00:00,328.7900085449219
2025-11-18 16:02:00+00:00,328.55999755859375
2025-11-18 16:03:00+00:00,328.57000732421875
2025-11-18 16:04:00+00:00,328.6099853515625
2025-11-18 16:05:00+00:00,328.6000061035156
2025-11-18 16:06:00+00:00,328.576904296875
2025-11-18 16:07:00+00:00,329.05999755859375
2025-11-18 16:09:00+00:00,328.9200134277344
2025-11-18 16:10:00+00:00,329.0799865722656
2025-11-18 16:11:00+00:00,329.4150085449219
2025-11-18 16:12:00+00:00,329.30999755859375
2025-11-18 16:13:00+00:00,329.29998779296875
2025-11-18 16:14:00+00:00,329.7699890136719
2025-11-18 16:17:00+00:00,329.44000244140625
2025-11-18 16:18:00+00:00,329.19000244140625
2025-11-18 16:20:00+00:00,329.45001220703125
2025-11-18 16:25:00+00:00,329.8800048828125
2025-11-18 16:26:00+00:00,329.6943054199219
2025-11-18 16:29:00+00:00,330.19000244140625
2025-11-18 16:30:00+00:00,330.17498779296875
2025-11-18 16:32:00+00:00,330.2449951171875
2025-11-18 16:33:00+00:00,330.45001220703125
2025-11-18 16:34:00+00:00,329.7099914550781
2025-11-18 16:35:00+00:00,329.8999938964844
2025-11-18 16:36:00+00:00,329.7200012207031
2025-11-18 16:37:00+00:00,329.5993957519531
2025-11-18 16:38:00+00:00,330.0400085449219
2025-11-18 16:39:00+00:00,329.79998779296875
2025-11-18 16:40:00+00:00,329.92999267578125
2025-11-18 16:41:00+00:00,329.5
2025-11-18 16:42:00+00:00,329.94000244140625
2025-11-18 16:43:00+00:00,329.6300048828125
2025-11-18 16:44:00+00:00,329.82000732421875
2025-11-18 16:45:00+00:00,329.81500244140625
2025-11-18 16:47:00+00:00,329.3999938964844
2025-11-18 16:49:00+00:00,329.44989013671875
2025-11-18 16:50:00+00:00,329.7699890136719
2025-11-18 16:52:00+00:00,329.4800109863281
2025-11-18 16:57:00+00:00,329.6650085449219
2025-11-18 17:01:00+00:00,329.6600036621094
2025-11-18 17:02:00+00:00,329.95989990234375
2025-11-18 17:03:00+00:00,329.67999267578125
2025-11-18 17:05:00+00:00,329.1449890136719
2025-11-18 17:06:00+00:00,329.1400146484375
2025-11-18 17:07:00+00:00,329.17999267578125
2025-11-18 17:08:00+00:00,329.3399963378906
2025-11-18 17:09:00+00:00,328.7699890136719
2025-11-18 17:10:00+00:00,328.6400146484375
2025-11-18 17:12:00+00:00,328.6700134277344
2025-11-18 17:14:00+00:00,328.239990234375
2025-11-18 17:15:00+00:00,328.3599853515625
2025-11-18 17:17:00+00:00,328.5169982910156
2025-11-18 17:18:00+00:00,328.18499755859375
2025-11-18 17:19:00+00:00,328.5199890136719
2025-11-18 17:20:00+00:00,328.42498779296875
2025-11-18 17:21:00+00:00,328.4100036621094
2025-11-18 17:22:00+00:00,328.7300109863281
2025-11-18 17:23:00+00:00,328.614990234375
2025-11-18 17:25:00+00:00,328.7300109863281
2025-11-18 17:26:00+00:00,328.45001220703125
2025-11-18 17:27:00+00:00,328.3800048828125
2025-11-18 17:28:00+00:00,328.4150085449219
2025-11-18 17:29:00+00:00,328.1600036621094
2025-11-18 17:30:00+00:00,328.2300109863281
2025-11-18 17:31:00+00:00,327.9049987792969
2025-11-18 17:32:00+00:00,328.1499938964844
2025-11-18 17:33:00+00:00,328.2200012207031
2025-11-18 17:34:00+00:00,328.20001220703125
2025-11-18 17:36:00+00:00,328.2449951171875
2025-11-18 17:38:00+00:00,328.54998779296875
2025-11-18 17:39:00+00:00,328.7974853515625
2025-11-18 17:40:00+00:00,329.0199890136719
2025-11-18 17:41:00+00:00,329.510009765625
2025-11-18 17:42:00+00:00,329.510009765625
2025-11-18 17:43:00+00:00,329.4100036621094
2025-11-18 17:44:00+00:00,329.16009521484375
2025-11-18 17:45:00+00:00,328.94000244140625
2025-11-18 17:47:00+00:00,329.17999267578125
2025-11-18 17:48:00+00:00,329.32501220703125
2025-11-18 17:51:00+00:00,329.364990234375
2025-11-18 17:52:00+00:00,329.8299865722656
2025-11-18 17:53:00+00:00,329.9800109863281
2025-11-18 17:54:00+00:00,330.3500061035156
2025-11-18 17:55:00+00:00,330.4800109863281
2025-11-18 17:56:00+00:00,330.9150085449219
2025-11-18 17:57:00+00:00,330.7049865722656
2025-11-18 17:58:00+00:00,330.6300048828125
2025-11-18 17:59:00+00:00,330.2699890136719
2025-11-18 18:00:00+00:00,330.6650085449219
2025-11-18 18:02:00+00:00,330.3500061035156
2025-11-18 18:03:00+00:00,330.5249938964844
2025-11-18 18:04:00+00:00,330.5249938964844
2025-11-18 18:05:00+00:00,330.5249938964844
2025-11-18 18:06:00+00:00,330.5400085449219
2025-11-18 18:07:00+00:00,330.7799987792969
2025-11-18 18:08:00+00:00,330.54998779296875
2025-11-18 18:09:00+00:00,330.4200134277344
2025-11-18 18:10:00+00:00,330.31500244140625
2025-11-18 18:12:00+00:00,330.0799865722656
2025-11-18 18:13:00+00:00,330.0
2025-11-18 18:14:00+00:00,329.8999938964844
2025-11-18 18:15:00+00:00,329.80499267578125
2025-11-18 18:16:00+00:00,330.0799865722656
2025-11-18 18:18:00+00:00,330.010009765625
2025-11-18 18:19:00+00:00,330.07000732421875
2025-11-18 18:20:00+00:00,330.1050109863281
2025-11-18 18:21:00+00:00,330.1050109863281
2025-11-18 18:23:00+00:00,330.1050109863281
2025-11-18 18:25:00+00:00,330.07501220703125
2025-11-18 18:26:00+00:00,329.8299865722656
2025-11-18 18:27:00+00:00,330.1449890136719
2025-11-18 18:28:00+00:00,330.1449890136719
2025-11-18 18:29:00+00:00,329.94000244140625
2025-11-18 18:30:00+00:00,330.1099853515625
2025-11-18 18:33:00+00:00,330.1099853515625
2025-11-18 18:34:00+00:00,330.1099853515625
2025-11-18 18:35:00+00:00,330.04998779296875
2025-11-18 18:36:00+00:00,330.010009765625
2025-11-18 18:37:00+00:00,329.8800048828125
2025-11-18 18:38:00+00:00,330.3900146484375
2025-11-18 18:39:00+00:00,330.4700012207031
2025-11-18 18:42:00+00:00,330.67999267578125
2025-11-18 18:43:00+00:00,330.6650085449219
2025-11-18 18:44:00+00:00,331.0799865722656
2025-11-18 18:45:00+00:00,331.0799865722656
2025-11-18 18:46:00+00:00,330.7200012207031
2025-11-18 18:47:00+00:00,330.7250061035156
2025-11-18 18:48:00+00:00,330.7250061035156
2025-11-18 18:49:00+00:00,331.0799865722656
2025-11-18 18:50:00+00:00,330.92999267578125
2025-11-18 18:54:00+00:00,331.1199951171875
2025-11-18 18:55:00+00:00,330.6600036621094
2025-11-18 18:56:00+00:00,330.7380065917969
2025-11-18 18:58:00+00:00,330.42999267578125
2025-11-18 18:59:00+00:00,330.55999755859375
2025-11-18 19:00:00+00:00,330.42498779296875
2025-11-18 19:01:00+00:00,330.5400085449219
2025-11-18 19:02:00+00:00,330.5350036621094
2025-11-18 19:03:00+00:00,330.20001220703125
2025-11-18 19:04:00+00:00,330.2200012207031
2025-11-18 19:05:00+00:00,330.3699951171875
2025-11-18 19:08:00+00:00,330.2550048828125
2025-11-18 19:11:00+00:00,330.2550048828125
2025-11-18 19:13:00+00:00,330.2550048828125
2025-11-18 19:15:00+00:00,330.19000244140625
2025-11-18 19:17:00+00:00,329.9800109863281
2025-11-18 19:19:00+00:00,330.4200134277344
2025-11-18 19:20:00+00:00,330.489990234375
2025-11-18 19:21:00+00:00,330.17999267578125
2025-11-18 19:22:00+00:00,330.3999938964844
2025-11-18 19:23:00+00:00,330.1000061035156
2025-11-18 19:24:00+00:00,330.1199951171875
2025-11-18 19:25:00+00:00,330.2799987792969
2025-11-18 19:26:00+00:00,330.2799987792969
2025-11-18 19:27:00+00:00,330.2799987792969
2025-11-18 19:29:00+00:00,330.1000061035156
2025-11-18 19:32:00+00:00,330.0400085449219
2025-11-18 19:33:00+00:00,329.8599853515625
2025-11-18 19:35:00+00:00,330.1300048828125
2025-11-18 19:36:00+00:00,330.135009765625
2025-11-18 19:37:00+00:00,330.4800109863281
2025-11-18 19:38:00+00:00,330.239990234375
2025-11-18 19:39:00+00:00,330.2550048828125
2025-11-18 19:40:00+00:00,330.4519958496094
2025-11-18 19:42:00+00:00,330.17999267578125
2025-11-18 19:43:00+00:00,330.2650146484375
2025-11-18 19:44:00+00:00,329.8900146484375
2025-11-18 19:45:00+00:00,330.1700134277344
2025-11-18 19:46:00+00:00,330.135009765625
2025-11-18 19:47:00+00:00,330.4700012207031
2025-11-18 19:48:00+00:00,330.2825012207031
2025-11-18 19:50:00+00:00,330.3349914550781
2025-11-18 19:51:00+00:00,330.1050109863281
2025-11-18 19:52:00+00:00,330.07000732421875
2025-11-18 19:54:00+00:00,330.3599853515625
2025-11-18 19:55:00+00:00,330.2900085449219
2025-11-18 19:57:00+00:00,330.4849853515625
2025-11-18 19:58:00+00:00,330.3399963378906
2025-11-18 19:59:00+00:00,330.2950134277344
2025-11-18 20:00:00+00:00,330.739990234375
2025-11-18 20:02:00+00:00,330.70001220703125
2025-11-18 20:03:00+00:00,330.6413879394531
2025-11-18 20:04:00+00:00,330.70001220703125
2025-11-18 20:05:00+00:00,330.9700012207031
2025-11-18 20:06:00+00:00,330.9985046386719
2025-11-18 20:07:00+00:00,330.9700012207031
2025-11-18 20:09:00+00:00,330.71600341796875
2025-11-18 20:10:00+00:00,330.5
2025-11-18 20:11:00+00:00,330.3299865722656
2025-11-18 20:12:00+00:00,330.43499755859375
2025-11-18 20:13:00+00:00,330.57000732421875
2025-11-18 20:14:00+00:00,330.8399963378906
2025-11-18 20:15:00+00:00,330.6600036621094
2025-11-18 20:16:00+00:00,330.625
2025-11-18 20:17:00+00:00,330.6050109863281
2025-11-18 20:18:00+00:00,330.4700012207031
2025-11-18 20:19:00+00:00,330.3450012207031
2025-11-18 20:20:00+00:00,330.5299987792969
2025-11-18 20:21:00+00:00,330.4849853515625
2025-11-18 20:22:00+00:00,330.602294921875
2025-11-18 20:23:00+00:00,330.4849853515625
2025-11-18 20:24:00+00:00,330.30999755859375
2025-11-18 20:25:00+00:00,330.0299987792969
2025-11-18 20:26:00+00:00,329.9800109863281
2025-11-18 20:27:00+00:00,329.79998779296875
2025-11-18 20:28:00+00:00,329.69000244140625
2025-11-18 20:29:00+00:00,329.7650146484375
2025-11-18 20:30:00+00:00,330.0199890136719
2025-11-18 20:31:00+00:00,330.0
2025-11-18 20:32:00+00:00,330.1520080566406
2025-11-18 20:33:00+00:00,330.17999267578125
2025-11-18 20:34:00+00:00,330.0400085449219
2025-11-18 20:35:00+00:00,330.30999755859375
2025-11-18 20:36:00+00:00,330.4200134277344
2025-11-18 20:37:00+00:00,330.3450012207031
2025-11-18 20:38:00+00:00,330.6600036621094
2025-11-18 20:39:00+00:00,330.2099914550781
2025-11-18 20:40:00+00:00,330.37451171875
2025-11-18 20:41:00+00:00,330.0400085449219
2025-11-18 20:42:00+00:00,330.0899963378906
2025-11-18 20:43:00+00:00,330.17999267578125
2025-11-18 20:44:00+00:00,330.1099853515625
2025-11-18 20:45:00+00:00,330.0199890136719
2025-11-18 20:46:00+00:00,330.07000732421875
2025-11-18 20:47:00+00:00,330.17999267578125
2025-11-18 20:48:00+00:00,330.2820129394531
2025-11-18 20:49:00+00:00,330.17999267578125
2025-11-18 20:50:00+00:00,330.4200134277344
2025-11-18 20:51:00+00:00,330.6099853515625
2025-11-18 20:52:00+00:00,330.4700012207031
2025-11-18 20:53:00+00:00,331.0400085449219
2025-11-18 20:54:00+00:00,330.67498779296875
2025-11-18 20:55:00+00:00,330.54998779296875
2025-11-18 20:56:00+00:00,330.3349914550781
2025-11-18 20:57:00+00:00,330.3450012207031
2025-11-18 20:58:00+00:00,330.1000061035156
2025-11-18 20:59:00+00:00,329.9849853515625
